g,popu,collect(g1)
"{name:dubstep,lpa:1,gid:dubstep}",21,"[{name:electronic,lpa:163,gid:electronic},{name:electronica,lpa:192,gid:electronica},{name:trance,lpa:281,gid:trance},{name:disco,lpa:146,gid:disco},{name:trap,lpa:379,gid:trap},{name:rave,lpa:256,gid:rave},{name:techno,lpa:232,gid:techno},{name:pop,lpa:313,gid:pop},{name:instrumental,lpa:137,gid:instrumental},{name:dance,lpa:239,gid:dance},{name:electro,lpa:127,gid:electro},{name:club,lpa:208,gid:club},{name:club,lpa:208,gid:club},{name:electro,lpa:127,gid:electro},{name:dance,lpa:239,gid:dance},{name:instrumental,lpa:137,gid:instrumental},{name:trance,lpa:281,gid:trance},{name:electronic,lpa:163,gid:electronic},{name:electronica,lpa:192,gid:electronica},{name:disco,lpa:146,gid:disco},{name:rave,lpa:256,gid:rave},{name:pop,lpa:313,gid:pop},{name:techno,lpa:232,gid:techno},{name:trap,lpa:379,gid:trap}]"
"{name:grunge,lpa:7,gid:grunge}",5,"[{name:indie,lpa:145,gid:indie},{name:trap,lpa:379,gid:trap},{name:rock,lpa:165,gid:rock},{name:rock,lpa:165,gid:rock},{name:indie,lpa:145,gid:indie},{name:trap,lpa:379,gid:trap}]"
"{name:orchestral,lpa:8,gid:orchestral}",5,"[{name:blues,lpa:337,gid:blues},{name:fusion,lpa:139,gid:fusion},{name:rock,lpa:165,gid:rock},{name:funk,lpa:348,gid:funk},{name:funk,lpa:348,gid:funk},{name:fusion,lpa:139,gid:fusion},{name:blues,lpa:337,gid:blues},{name:rock,lpa:165,gid:rock}]"
"{name:bachata,lpa:11,gid:bachata}",14,"[{name:dance,lpa:239,gid:dance},{name:tango,lpa:148,gid:tango},{name:kizomba,lpa:371,gid:kizomba},{name:reggaeton,lpa:350,gid:reggaeton},{name:merengue,lpa:71,gid:merengue},{name:salsa,lpa:201,gid:salsa},{name:latin,lpa:169,gid:latin},{name:dance,lpa:239,gid:dance},{name:latin,lpa:169,gid:latin},{name:tango,lpa:148,gid:tango},{name:reggaeton,lpa:350,gid:reggaeton},{name:merengue,lpa:71,gid:merengue},{name:salsa,lpa:201,gid:salsa},{name:kizomba,lpa:371,gid:kizomba}]"
"{name:turntablism,lpa:27,gid:turntablism}",1,"[{name:electro,lpa:127,gid:electro},{name:electro,lpa:127,gid:electro}]"
"{name:rocksteady,lpa:41,gid:rocksteady}",3,"[{name:ska,lpa:135,gid:ska},{name:ska,lpa:135,gid:ska}]"
"{name:merengue,lpa:71,gid:merengue}",6,"[{name:reggaeton,lpa:350,gid:reggaeton},{name:salsa,lpa:201,gid:salsa},{name:bachata,lpa:11,gid:bachata},{name:dance,lpa:239,gid:dance},{name:dance,lpa:239,gid:dance},{name:salsa,lpa:201,gid:salsa},{name:reggaeton,lpa:350,gid:reggaeton},{name:bachata,lpa:11,gid:bachata}]"
"{name:rumba,lpa:93,gid:rumba}",3,"[{name:timba,lpa:391,gid:timba},{name:reggaeton,lpa:350,gid:reggaeton},{name:club,lpa:208,gid:club},{name:timba,lpa:391,gid:timba},{name:reggaeton,lpa:350,gid:reggaeton},{name:club,lpa:208,gid:club}]"
"{name:mambo,lpa:95,gid:mambo}",6,"[{name:chanson,lpa:344,gid:chanson},{name:blues,lpa:337,gid:blues},{name:ballad,lpa:211,gid:ballad},{name:dance,lpa:239,gid:dance},{name:blues,lpa:337,gid:blues},{name:dance,lpa:239,gid:dance},{name:ballad,lpa:211,gid:ballad},{name:chanson,lpa:344,gid:chanson}]"
"{name:drone,lpa:124,gid:drone}",203,"[{name:ska,lpa:135,gid:ska},{name:punk,lpa:282,gid:punk},{name:metal,lpa:354,gid:metal},{name:rock,lpa:165,gid:rock},{name:grindcore,lpa:244,gid:grindcore},{name:rave,lpa:256,gid:rave},{name:swing,lpa:340,gid:swing},{name:jazz,lpa:339,gid:jazz},{name:house,lpa:321,gid:house},{name:ambient,lpa:170,gid:ambient},{name:soul,lpa:303,gid:soul},{name:trap,lpa:379,gid:trap},{name:ska,lpa:135,gid:ska},{name:rave,lpa:256,gid:rave},{name:rock,lpa:165,gid:rock},{name:punk,lpa:282,gid:punk},{name:soul,lpa:303,gid:soul},{name:house,lpa:321,gid:house},{name:trap,lpa:379,gid:trap},{name:swing,lpa:340,gid:swing},{name:jazz,lpa:339,gid:jazz},{name:grindcore,lpa:244,gid:grindcore},{name:metal,lpa:354,gid:metal},{name:ambient,lpa:170,gid:ambient}]"
"{name:electro,lpa:127,gid:electro}",22,"[{name:latin,lpa:169,gid:latin},{name:house,lpa:321,gid:house},{name:disco,lpa:146,gid:disco},{name:pop,lpa:313,gid:pop},{name:idm,lpa:162,gid:idm},{name:dance,lpa:239,gid:dance},{name:dubstep,lpa:1,gid:dubstep},{name:club,lpa:208,gid:club},{name:minimal,lpa:223,gid:minimal},{name:turntablism,lpa:27,gid:turntablism},{name:electronica,lpa:192,gid:electronica},{name:indie,lpa:145,gid:indie},{name:electronic,lpa:163,gid:electronic},{name:techno,lpa:232,gid:techno},{name:jazz,lpa:339,gid:jazz},{name:tango,lpa:148,gid:tango},{name:trance,lpa:281,gid:trance},{name:rock,lpa:165,gid:rock},{name:trap,lpa:379,gid:trap},{name:milonga,lpa:378,gid:milonga},{name:ballad,lpa:211,gid:ballad},{name:rave,lpa:256,gid:rave},{name:flamenco,lpa:136,gid:flamenco},{name:opera,lpa:314,gid:opera},{name:kizomba,lpa:371,gid:kizomba},{name:progressive,lpa:328,gid:progressive},{name:minimal,lpa:223,gid:minimal},{name:latin,lpa:169,gid:latin},{name:jazz,lpa:339,gid:jazz},{name:techno,lpa:232,gid:techno},{name:disco,lpa:146,gid:disco},{name:flamenco,lpa:136,gid:flamenco},{name:club,lpa:208,gid:club},{name:kizomba,lpa:371,gid:kizomba},{name:turntablism,lpa:27,gid:turntablism},{name:dance,lpa:239,gid:dance},{name:idm,lpa:162,gid:idm},{name:pop,lpa:313,gid:pop},{name:rave,lpa:256,gid:rave},{name:indie,lpa:145,gid:indie},{name:milonga,lpa:378,gid:milonga},{name:tango,lpa:148,gid:tango},{name:opera,lpa:314,gid:opera},{name:electronic,lpa:163,gid:electronic},{name:rock,lpa:165,gid:rock},{name:trap,lpa:379,gid:trap},{name:dubstep,lpa:1,gid:dubstep},{name:trance,lpa:281,gid:trance},{name:electronica,lpa:192,gid:electronica},{name:ballad,lpa:211,gid:ballad},{name:house,lpa:321,gid:house},{name:progressive,lpa:328,gid:progressive}]"
"{name:classical,lpa:132,gid:classical}",13,"[{name:opera,lpa:314,gid:opera},{name:opera,lpa:314,gid:opera}]"
"{name:ska,lpa:135,gid:ska}",8,"[{name:drone,lpa:124,gid:drone},{name:soul,lpa:303,gid:soul},{name:punk,lpa:282,gid:punk},{name:rocksteady,lpa:41,gid:rocksteady},{name:rock,lpa:165,gid:rock},{name:blues,lpa:337,gid:blues},{name:funk,lpa:348,gid:funk},{name:rocksteady,lpa:41,gid:rocksteady},{name:drone,lpa:124,gid:drone},{name:blues,lpa:337,gid:blues},{name:funk,lpa:348,gid:funk},{name:soul,lpa:303,gid:soul},{name:punk,lpa:282,gid:punk},{name:rock,lpa:165,gid:rock}]"
"{name:flamenco,lpa:136,gid:flamenco}",3,"[{name:trance,lpa:281,gid:trance},{name:trap,lpa:379,gid:trap},{name:pop,lpa:313,gid:pop},{name:rave,lpa:256,gid:rave},{name:electro,lpa:127,gid:electro},{name:tango,lpa:148,gid:tango},{name:milonga,lpa:378,gid:milonga},{name:opera,lpa:314,gid:opera},{name:dance,lpa:239,gid:dance},{name:club,lpa:208,gid:club},{name:house,lpa:321,gid:house},{name:kizomba,lpa:371,gid:kizomba},{name:latin,lpa:169,gid:latin},{name:disco,lpa:146,gid:disco},{name:techno,lpa:232,gid:techno},{name:rave,lpa:256,gid:rave},{name:latin,lpa:169,gid:latin},{name:pop,lpa:313,gid:pop},{name:milonga,lpa:378,gid:milonga},{name:disco,lpa:146,gid:disco},{name:club,lpa:208,gid:club},{name:house,lpa:321,gid:house},{name:dance,lpa:239,gid:dance},{name:trance,lpa:281,gid:trance},{name:tango,lpa:148,gid:tango},{name:opera,lpa:314,gid:opera},{name:electro,lpa:127,gid:electro},{name:trap,lpa:379,gid:trap},{name:kizomba,lpa:371,gid:kizomba},{name:techno,lpa:232,gid:techno}]"
"{name:instrumental,lpa:137,gid:instrumental}",8,"[{name:funk,lpa:348,gid:funk},{name:soul,lpa:303,gid:soul},{name:salsa,lpa:201,gid:salsa},{name:latin,lpa:169,gid:latin},{name:dubstep,lpa:1,gid:dubstep},{name:trap,lpa:379,gid:trap},{name:bebop,lpa:218,gid:bebop},{name:jazz,lpa:339,gid:jazz},{name:electronic,lpa:163,gid:electronic},{name:jazz,lpa:339,gid:jazz},{name:funk,lpa:348,gid:funk},{name:trap,lpa:379,gid:trap},{name:soul,lpa:303,gid:soul},{name:salsa,lpa:201,gid:salsa},{name:latin,lpa:169,gid:latin},{name:dubstep,lpa:1,gid:dubstep},{name:electronic,lpa:163,gid:electronic},{name:bebop,lpa:218,gid:bebop}]"
"{name:fusion,lpa:139,gid:fusion}",7,"[{name:indie,lpa:145,gid:indie},{name:jazz,lpa:339,gid:jazz},{name:orchestral,lpa:8,gid:orchestral},{name:disco,lpa:146,gid:disco},{name:psychedelic,lpa:164,gid:psychedelic},{name:glam,lpa:200,gid:glam},{name:downtempo,lpa:156,gid:downtempo},{name:progressive,lpa:328,gid:progressive},{name:shoegaze,lpa:229,gid:shoegaze},{name:folk,lpa:322,gid:folk},{name:rock,lpa:165,gid:rock},{name:blues,lpa:337,gid:blues},{name:funk,lpa:348,gid:funk},{name:pop,lpa:313,gid:pop},{name:soul,lpa:303,gid:soul},{name:metal,lpa:354,gid:metal},{name:experimental,lpa:329,gid:experimental},{name:blues,lpa:337,gid:blues},{name:progressive,lpa:328,gid:progressive},{name:disco,lpa:146,gid:disco},{name:shoegaze,lpa:229,gid:shoegaze},{name:glam,lpa:200,gid:glam},{name:folk,lpa:322,gid:folk},{name:pop,lpa:313,gid:pop},{name:orchestral,lpa:8,gid:orchestral},{name:jazz,lpa:339,gid:jazz},{name:psychedelic,lpa:164,gid:psychedelic},{name:indie,lpa:145,gid:indie},{name:rock,lpa:165,gid:rock},{name:soul,lpa:303,gid:soul},{name:experimental,lpa:329,gid:experimental},{name:downtempo,lpa:156,gid:downtempo},{name:funk,lpa:348,gid:funk},{name:metal,lpa:354,gid:metal}]"
"{name:rockabilly,lpa:144,gid:rockabilly}",11,"[{name:rock,lpa:165,gid:rock},{name:psychedelic,lpa:164,gid:psychedelic},{name:club,lpa:208,gid:club},{name:indie,lpa:145,gid:indie},{name:psychobilly,lpa:246,gid:psychobilly},{name:punk,lpa:282,gid:punk},{name:glam,lpa:200,gid:glam},{name:rock,lpa:165,gid:rock},{name:psychedelic,lpa:164,gid:psychedelic},{name:club,lpa:208,gid:club},{name:psychobilly,lpa:246,gid:psychobilly},{name:punk,lpa:282,gid:punk},{name:glam,lpa:200,gid:glam},{name:indie,lpa:145,gid:indie}]"
"{name:indie,lpa:145,gid:indie}",47,"[{name:blues,lpa:337,gid:blues},{name:pop,lpa:313,gid:pop},{name:disco,lpa:146,gid:disco},{name:trap,lpa:379,gid:trap},{name:soul,lpa:303,gid:soul},{name:milonga,lpa:378,gid:milonga},{name:experimental,lpa:329,gid:experimental},{name:jazz,lpa:339,gid:jazz},{name:tango,lpa:148,gid:tango},{name:funk,lpa:348,gid:funk},{name:progressive,lpa:328,gid:progressive},{name:electro,lpa:127,gid:electro},{name:metal,lpa:354,gid:metal},{name:folk,lpa:322,gid:folk},{name:grunge,lpa:7,gid:grunge},{name:punk,lpa:282,gid:punk},{name:fusion,lpa:139,gid:fusion},{name:shoegaze,lpa:229,gid:shoegaze},{name:psychedelic,lpa:164,gid:psychedelic},{name:britpop,lpa:293,gid:britpop},{name:rockabilly,lpa:144,gid:rockabilly},{name:rock,lpa:165,gid:rock},{name:glam,lpa:200,gid:glam},{name:opera,lpa:314,gid:opera},{name:fusion,lpa:139,gid:fusion},{name:shoegaze,lpa:229,gid:shoegaze},{name:trap,lpa:379,gid:trap},{name:grunge,lpa:7,gid:grunge},{name:psychedelic,lpa:164,gid:psychedelic},{name:glam,lpa:200,gid:glam},{name:rockabilly,lpa:144,gid:rockabilly},{name:progressive,lpa:328,gid:progressive},{name:britpop,lpa:293,gid:britpop},{name:pop,lpa:313,gid:pop},{name:electro,lpa:127,gid:electro},{name:folk,lpa:322,gid:folk},{name:punk,lpa:282,gid:punk},{name:opera,lpa:314,gid:opera},{name:blues,lpa:337,gid:blues},{name:milonga,lpa:378,gid:milonga},{name:tango,lpa:148,gid:tango},{name:metal,lpa:354,gid:metal},{name:jazz,lpa:339,gid:jazz},{name:rock,lpa:165,gid:rock},{name:funk,lpa:348,gid:funk},{name:disco,lpa:146,gid:disco},{name:experimental,lpa:329,gid:experimental},{name:soul,lpa:303,gid:soul}]"
"{name:disco,lpa:146,gid:disco}",72,"[{name:reggaeton,lpa:350,gid:reggaeton},{name:house,lpa:321,gid:house},{name:fusion,lpa:139,gid:fusion},{name:soul,lpa:303,gid:soul},{name:opera,lpa:314,gid:opera},{name:tango,lpa:148,gid:tango},{name:electronica,lpa:192,gid:electronica},{name:alternative rock,lpa:360,gid:alternative rock},{name:electro,lpa:127,gid:electro},{name:flamenco,lpa:136,gid:flamenco},{name:metal,lpa:354,gid:metal},{name:latin,lpa:169,gid:latin},{name:techno,lpa:232,gid:techno},{name:trance,lpa:281,gid:trance},{name:rave,lpa:256,gid:rave},{name:milonga,lpa:378,gid:milonga},{name:kizomba,lpa:371,gid:kizomba},{name:club,lpa:208,gid:club},{name:dance,lpa:239,gid:dance},{name:dubstep,lpa:1,gid:dubstep},{name:funk,lpa:348,gid:funk},{name:pop,lpa:313,gid:pop},{name:jazz,lpa:339,gid:jazz},{name:trap,lpa:379,gid:trap},{name:rock,lpa:165,gid:rock},{name:downtempo,lpa:156,gid:downtempo},{name:britpop,lpa:293,gid:britpop},{name:indie,lpa:145,gid:indie},{name:kizomba,lpa:371,gid:kizomba},{name:rock,lpa:165,gid:rock},{name:trance,lpa:281,gid:trance},{name:electro,lpa:127,gid:electro},{name:indie,lpa:145,gid:indie},{name:reggaeton,lpa:350,gid:reggaeton},{name:funk,lpa:348,gid:funk},{name:fusion,lpa:139,gid:fusion},{name:soul,lpa:303,gid:soul},{name:dubstep,lpa:1,gid:dubstep},{name:britpop,lpa:293,gid:britpop},{name:alternative rock,lpa:360,gid:alternative rock},{name:jazz,lpa:339,gid:jazz},{name:house,lpa:321,gid:house},{name:opera,lpa:314,gid:opera},{name:trap,lpa:379,gid:trap},{name:techno,lpa:232,gid:techno},{name:metal,lpa:354,gid:metal},{name:electronica,lpa:192,gid:electronica},{name:latin,lpa:169,gid:latin},{name:tango,lpa:148,gid:tango},{name:dance,lpa:239,gid:dance},{name:club,lpa:208,gid:club},{name:flamenco,lpa:136,gid:flamenco},{name:downtempo,lpa:156,gid:downtempo},{name:milonga,lpa:378,gid:milonga},{name:pop,lpa:313,gid:pop},{name:rave,lpa:256,gid:rave}]"
"{name:tango,lpa:148,gid:tango}",66,"[{name:trap,lpa:379,gid:trap},{name:bachata,lpa:11,gid:bachata},{name:jazz,lpa:339,gid:jazz},{name:techno,lpa:232,gid:techno},{name:kizomba,lpa:371,gid:kizomba},{name:opera,lpa:314,gid:opera},{name:latin,lpa:169,gid:latin},{name:dance,lpa:239,gid:dance},{name:flamenco,lpa:136,gid:flamenco},{name:electro,lpa:127,gid:electro},{name:rock,lpa:165,gid:rock},{name:trance,lpa:281,gid:trance},{name:club,lpa:208,gid:club},{name:disco,lpa:146,gid:disco},{name:swing,lpa:340,gid:swing},{name:indie,lpa:145,gid:indie},{name:metal,lpa:354,gid:metal},{name:rave,lpa:256,gid:rave},{name:folk,lpa:322,gid:folk},{name:house,lpa:321,gid:house},{name:milonga,lpa:378,gid:milonga},{name:pop,lpa:313,gid:pop},{name:bachata,lpa:11,gid:bachata},{name:jazz,lpa:339,gid:jazz},{name:disco,lpa:146,gid:disco},{name:latin,lpa:169,gid:latin},{name:rock,lpa:165,gid:rock},{name:metal,lpa:354,gid:metal},{name:dance,lpa:239,gid:dance},{name:folk,lpa:322,gid:folk},{name:trance,lpa:281,gid:trance},{name:flamenco,lpa:136,gid:flamenco},{name:rave,lpa:256,gid:rave},{name:indie,lpa:145,gid:indie},{name:club,lpa:208,gid:club},{name:swing,lpa:340,gid:swing},{name:milonga,lpa:378,gid:milonga},{name:techno,lpa:232,gid:techno},{name:electro,lpa:127,gid:electro},{name:opera,lpa:314,gid:opera},{name:house,lpa:321,gid:house},{name:pop,lpa:313,gid:pop},{name:kizomba,lpa:371,gid:kizomba},{name:trap,lpa:379,gid:trap}]"
"{name:downtempo,lpa:156,gid:downtempo}",4,"[{name:minimal,lpa:223,gid:minimal},{name:techno,lpa:232,gid:techno},{name:chillout,lpa:307,gid:chillout},{name:electronica,lpa:192,gid:electronica},{name:fusion,lpa:139,gid:fusion},{name:experimental,lpa:329,gid:experimental},{name:disco,lpa:146,gid:disco},{name:industrial,lpa:342,gid:industrial},{name:soul,lpa:303,gid:soul},{name:soul,lpa:303,gid:soul},{name:techno,lpa:232,gid:techno},{name:experimental,lpa:329,gid:experimental},{name:fusion,lpa:139,gid:fusion},{name:minimal,lpa:223,gid:minimal},{name:electronica,lpa:192,gid:electronica},{name:industrial,lpa:342,gid:industrial},{name:chillout,lpa:307,gid:chillout},{name:disco,lpa:146,gid:disco}]"
"{name:bluegrass,lpa:157,gid:bluegrass}",1,"[{name:bebop,lpa:218,gid:bebop},{name:jazz,lpa:339,gid:jazz},{name:jazz,lpa:339,gid:jazz},{name:bebop,lpa:218,gid:bebop}]"
"{name:idm,lpa:162,gid:idm}",4,"[{name:dance,lpa:239,gid:dance},{name:electro,lpa:127,gid:electro},{name:electronic,lpa:163,gid:electronic},{name:electro,lpa:127,gid:electro},{name:electronic,lpa:163,gid:electronic},{name:dance,lpa:239,gid:dance}]"
"{name:electronic,lpa:163,gid:electronic}",5,"[{name:trance,lpa:281,gid:trance},{name:idm,lpa:162,gid:idm},{name:dance,lpa:239,gid:dance},{name:dubstep,lpa:1,gid:dubstep},{name:house,lpa:321,gid:house},{name:electro,lpa:127,gid:electro},{name:instrumental,lpa:137,gid:instrumental},{name:techno,lpa:232,gid:techno},{name:minimal,lpa:223,gid:minimal},{name:techno,lpa:232,gid:techno},{name:dubstep,lpa:1,gid:dubstep},{name:trance,lpa:281,gid:trance},{name:house,lpa:321,gid:house},{name:electro,lpa:127,gid:electro},{name:minimal,lpa:223,gid:minimal},{name:instrumental,lpa:137,gid:instrumental},{name:idm,lpa:162,gid:idm},{name:dance,lpa:239,gid:dance}]"
"{name:psychedelic,lpa:164,gid:psychedelic}",15,"[{name:glam,lpa:200,gid:glam},{name:folk,lpa:322,gid:folk},{name:trance,lpa:281,gid:trance},{name:progressive,lpa:328,gid:progressive},{name:rockabilly,lpa:144,gid:rockabilly},{name:indie,lpa:145,gid:indie},{name:metal,lpa:354,gid:metal},{name:experimental,lpa:329,gid:experimental},{name:blues,lpa:337,gid:blues},{name:rock,lpa:165,gid:rock},{name:fusion,lpa:139,gid:fusion},{name:ballad,lpa:211,gid:ballad},{name:pop,lpa:313,gid:pop},{name:jazz,lpa:339,gid:jazz},{name:rave,lpa:256,gid:rave},{name:shoegaze,lpa:229,gid:shoegaze},{name:punk,lpa:282,gid:punk},{name:soul,lpa:303,gid:soul},{name:blues,lpa:337,gid:blues},{name:rockabilly,lpa:144,gid:rockabilly},{name:soul,lpa:303,gid:soul},{name:fusion,lpa:139,gid:fusion},{name:ballad,lpa:211,gid:ballad},{name:jazz,lpa:339,gid:jazz},{name:trance,lpa:281,gid:trance},{name:folk,lpa:322,gid:folk},{name:punk,lpa:282,gid:punk},{name:rave,lpa:256,gid:rave},{name:pop,lpa:313,gid:pop},{name:indie,lpa:145,gid:indie},{name:metal,lpa:354,gid:metal},{name:glam,lpa:200,gid:glam},{name:shoegaze,lpa:229,gid:shoegaze},{name:progressive,lpa:328,gid:progressive},{name:experimental,lpa:329,gid:experimental},{name:rock,lpa:165,gid:rock}]"
"{name:rock,lpa:165,gid:rock}",261,"[{name:punk,lpa:282,gid:punk},{name:disco,lpa:146,gid:disco},{name:metal,lpa:354,gid:metal},{name:rockabilly,lpa:144,gid:rockabilly},{name:jazz,lpa:339,gid:jazz},{name:drone,lpa:124,gid:drone},{name:trap,lpa:379,gid:trap},{name:tango,lpa:148,gid:tango},{name:swing,lpa:340,gid:swing},{name:grindcore,lpa:244,gid:grindcore},{name:funk,lpa:348,gid:funk},{name:ambient,lpa:170,gid:ambient},{name:rave,lpa:256,gid:rave},{name:pop,lpa:313,gid:pop},{name:ballad,lpa:211,gid:ballad},{name:country,lpa:181,gid:country},{name:grunge,lpa:7,gid:grunge},{name:shoegaze,lpa:229,gid:shoegaze},{name:garage,lpa:183,gid:garage},{name:blues,lpa:337,gid:blues},{name:folk,lpa:322,gid:folk},{name:ska,lpa:135,gid:ska},{name:orchestral,lpa:8,gid:orchestral},{name:fusion,lpa:139,gid:fusion},{name:soul,lpa:303,gid:soul},{name:house,lpa:321,gid:house},{name:noise,lpa:230,gid:noise},{name:dance,lpa:239,gid:dance},{name:electro,lpa:127,gid:electro},{name:experimental,lpa:329,gid:experimental},{name:progressive,lpa:328,gid:progressive},{name:musical,lpa:357,gid:musical},{name:milonga,lpa:378,gid:milonga},{name:indie,lpa:145,gid:indie},{name:opera,lpa:314,gid:opera},{name:reggae,lpa:338,gid:reggae},{name:glam,lpa:200,gid:glam},{name:minimal,lpa:223,gid:minimal},{name:psychedelic,lpa:164,gid:psychedelic},{name:musical,lpa:357,gid:musical},{name:rockabilly,lpa:144,gid:rockabilly},{name:rave,lpa:256,gid:rave},{name:jazz,lpa:339,gid:jazz},{name:noise,lpa:230,gid:noise},{name:swing,lpa:340,gid:swing},{name:folk,lpa:322,gid:folk},{name:country,lpa:181,gid:country},{name:blues,lpa:337,gid:blues},{name:metal,lpa:354,gid:metal},{name:progressive,lpa:328,gid:progressive},{name:dance,lpa:239,gid:dance},{name:grunge,lpa:7,gid:grunge},{name:milonga,lpa:378,gid:milonga},{name:psychedelic,lpa:164,gid:psychedelic},{name:grindcore,lpa:244,gid:grindcore},{name:orchestral,lpa:8,gid:orchestral},{name:drone,lpa:124,gid:drone},{name:experimental,lpa:329,gid:experimental},{name:opera,lpa:314,gid:opera},{name:fusion,lpa:139,gid:fusion},{name:tango,lpa:148,gid:tango},{name:ambient,lpa:170,gid:ambient},{name:electro,lpa:127,gid:electro},{name:funk,lpa:348,gid:funk},{name:trap,lpa:379,gid:trap},{name:house,lpa:321,gid:house},{name:ska,lpa:135,gid:ska},{name:ballad,lpa:211,gid:ballad},{name:shoegaze,lpa:229,gid:shoegaze},{name:disco,lpa:146,gid:disco},{name:minimal,lpa:223,gid:minimal},{name:punk,lpa:282,gid:punk},{name:pop,lpa:313,gid:pop},{name:indie,lpa:145,gid:indie},{name:soul,lpa:303,gid:soul},{name:glam,lpa:200,gid:glam},{name:reggae,lpa:338,gid:reggae},{name:garage,lpa:183,gid:garage}]"
"{name:guaracha,lpa:168,gid:guaracha}",2,"[{name:house,lpa:321,gid:house},{name:house,lpa:321,gid:house}]"
"{name:latin,lpa:169,gid:latin}",139,"[{name:milonga,lpa:378,gid:milonga},{name:funk,lpa:348,gid:funk},{name:electro,lpa:127,gid:electro},{name:tango,lpa:148,gid:tango},{name:flamenco,lpa:136,gid:flamenco},{name:bachata,lpa:11,gid:bachata},{name:salsa,lpa:201,gid:salsa},{name:pop,lpa:313,gid:pop},{name:soul,lpa:303,gid:soul},{name:bebop,lpa:218,gid:bebop},{name:jazz,lpa:339,gid:jazz},{name:house,lpa:321,gid:house},{name:kizomba,lpa:371,gid:kizomba},{name:bossa nova,lpa:203,gid:bossa nova},{name:reggaeton,lpa:350,gid:reggaeton},{name:instrumental,lpa:137,gid:instrumental},{name:club,lpa:208,gid:club},{name:trance,lpa:281,gid:trance},{name:dance,lpa:239,gid:dance},{name:disco,lpa:146,gid:disco},{name:rave,lpa:256,gid:rave},{name:techno,lpa:232,gid:techno},{name:trap,lpa:379,gid:trap},{name:opera,lpa:314,gid:opera},{name:electro,lpa:127,gid:electro},{name:soul,lpa:303,gid:soul},{name:trance,lpa:281,gid:trance},{name:club,lpa:208,gid:club},{name:disco,lpa:146,gid:disco},{name:instrumental,lpa:137,gid:instrumental},{name:opera,lpa:314,gid:opera},{name:pop,lpa:313,gid:pop},{name:funk,lpa:348,gid:funk},{name:bossa nova,lpa:203,gid:bossa nova},{name:tango,lpa:148,gid:tango},{name:bebop,lpa:218,gid:bebop},{name:milonga,lpa:378,gid:milonga},{name:house,lpa:321,gid:house},{name:rave,lpa:256,gid:rave},{name:techno,lpa:232,gid:techno},{name:flamenco,lpa:136,gid:flamenco},{name:trap,lpa:379,gid:trap},{name:reggaeton,lpa:350,gid:reggaeton},{name:dance,lpa:239,gid:dance},{name:kizomba,lpa:371,gid:kizomba},{name:jazz,lpa:339,gid:jazz},{name:bachata,lpa:11,gid:bachata},{name:salsa,lpa:201,gid:salsa}]"
"{name:ambient,lpa:170,gid:ambient}",7,"[{name:grindcore,lpa:244,gid:grindcore},{name:metal,lpa:354,gid:metal},{name:rock,lpa:165,gid:rock},{name:lounge,lpa:257,gid:lounge},{name:pop,lpa:313,gid:pop},{name:drone,lpa:124,gid:drone},{name:lounge,lpa:257,gid:lounge},{name:metal,lpa:354,gid:metal},{name:rock,lpa:165,gid:rock},{name:drone,lpa:124,gid:drone},{name:grindcore,lpa:244,gid:grindcore},{name:pop,lpa:313,gid:pop}]"
"{name:country,lpa:181,gid:country}",24,"[{name:rock,lpa:165,gid:rock},{name:dance,lpa:239,gid:dance},{name:americana,lpa:231,gid:americana},{name:blues,lpa:337,gid:blues},{name:pop,lpa:313,gid:pop},{name:jazz,lpa:339,gid:jazz},{name:soul,lpa:303,gid:soul},{name:jazz,lpa:339,gid:jazz},{name:dance,lpa:239,gid:dance},{name:americana,lpa:231,gid:americana},{name:rock,lpa:165,gid:rock},{name:blues,lpa:337,gid:blues},{name:pop,lpa:313,gid:pop},{name:soul,lpa:303,gid:soul}]"
"{name:garage,lpa:183,gid:garage}",69,"[{name:opera,lpa:314,gid:opera},{name:rock,lpa:165,gid:rock},{name:opera,lpa:314,gid:opera},{name:rock,lpa:165,gid:rock}]"
"{name:electronica,lpa:192,gid:electronica}",7,"[{name:techno,lpa:232,gid:techno},{name:minimal,lpa:223,gid:minimal},{name:experimental,lpa:329,gid:experimental},{name:downtempo,lpa:156,gid:downtempo},{name:house,lpa:321,gid:house},{name:dubstep,lpa:1,gid:dubstep},{name:chillout,lpa:307,gid:chillout},{name:disco,lpa:146,gid:disco},{name:electro,lpa:127,gid:electro},{name:industrial,lpa:342,gid:industrial},{name:techno,lpa:232,gid:techno},{name:disco,lpa:146,gid:disco},{name:dubstep,lpa:1,gid:dubstep},{name:minimal,lpa:223,gid:minimal},{name:experimental,lpa:329,gid:experimental},{name:electro,lpa:127,gid:electro},{name:house,lpa:321,gid:house},{name:industrial,lpa:342,gid:industrial},{name:chillout,lpa:307,gid:chillout},{name:downtempo,lpa:156,gid:downtempo}]"
"{name:ebm,lpa:195,gid:ebm}",19,"[{name:salsa,lpa:201,gid:salsa},{name:techno,lpa:232,gid:techno},{name:salsa,lpa:201,gid:salsa},{name:techno,lpa:232,gid:techno}]"
"{name:glam,lpa:200,gid:glam}",23,"[{name:soul,lpa:303,gid:soul},{name:progressive,lpa:328,gid:progressive},{name:fusion,lpa:139,gid:fusion},{name:blues,lpa:337,gid:blues},{name:indie,lpa:145,gid:indie},{name:punk,lpa:282,gid:punk},{name:jazz,lpa:339,gid:jazz},{name:pop,lpa:313,gid:pop},{name:folk,lpa:322,gid:folk},{name:metal,lpa:354,gid:metal},{name:psychedelic,lpa:164,gid:psychedelic},{name:shoegaze,lpa:229,gid:shoegaze},{name:rockabilly,lpa:144,gid:rockabilly},{name:experimental,lpa:329,gid:experimental},{name:rock,lpa:165,gid:rock},{name:psychedelic,lpa:164,gid:psychedelic},{name:jazz,lpa:339,gid:jazz},{name:folk,lpa:322,gid:folk},{name:shoegaze,lpa:229,gid:shoegaze},{name:progressive,lpa:328,gid:progressive},{name:metal,lpa:354,gid:metal},{name:fusion,lpa:139,gid:fusion},{name:soul,lpa:303,gid:soul},{name:punk,lpa:282,gid:punk},{name:blues,lpa:337,gid:blues},{name:experimental,lpa:329,gid:experimental},{name:pop,lpa:313,gid:pop},{name:indie,lpa:145,gid:indie},{name:rockabilly,lpa:144,gid:rockabilly},{name:rock,lpa:165,gid:rock}]"
"{name:salsa,lpa:201,gid:salsa}",43,"[{name:ebm,lpa:195,gid:ebm},{name:timba,lpa:391,gid:timba},{name:merengue,lpa:71,gid:merengue},{name:jazz,lpa:339,gid:jazz},{name:funk,lpa:348,gid:funk},{name:dance,lpa:239,gid:dance},{name:bebop,lpa:218,gid:bebop},{name:instrumental,lpa:137,gid:instrumental},{name:soul,lpa:303,gid:soul},{name:bachata,lpa:11,gid:bachata},{name:kizomba,lpa:371,gid:kizomba},{name:reggaeton,lpa:350,gid:reggaeton},{name:latin,lpa:169,gid:latin},{name:soul,lpa:303,gid:soul},{name:jazz,lpa:339,gid:jazz},{name:ebm,lpa:195,gid:ebm},{name:dance,lpa:239,gid:dance},{name:instrumental,lpa:137,gid:instrumental},{name:kizomba,lpa:371,gid:kizomba},{name:latin,lpa:169,gid:latin},{name:funk,lpa:348,gid:funk},{name:merengue,lpa:71,gid:merengue},{name:reggaeton,lpa:350,gid:reggaeton},{name:bebop,lpa:218,gid:bebop},{name:bachata,lpa:11,gid:bachata},{name:timba,lpa:391,gid:timba}]"
"{name:bossa nova,lpa:203,gid:bossa nova}",72,"[{name:lounge,lpa:257,gid:lounge},{name:latin,lpa:169,gid:latin},{name:jazz,lpa:339,gid:jazz},{name:latin,lpa:169,gid:latin},{name:lounge,lpa:257,gid:lounge},{name:jazz,lpa:339,gid:jazz}]"
"{name:club,lpa:208,gid:club}",64,"[{name:trap,lpa:379,gid:trap},{name:dubstep,lpa:1,gid:dubstep},{name:latin,lpa:169,gid:latin},{name:electro,lpa:127,gid:electro},{name:trance,lpa:281,gid:trance},{name:flamenco,lpa:136,gid:flamenco},{name:techno,lpa:232,gid:techno},{name:house,lpa:321,gid:house},{name:metal,lpa:354,gid:metal},{name:schlager,lpa:286,gid:schlager},{name:reggaeton,lpa:350,gid:reggaeton},{name:tango,lpa:148,gid:tango},{name:milonga,lpa:378,gid:milonga},{name:pop,lpa:313,gid:pop},{name:timba,lpa:391,gid:timba},{name:progressive,lpa:328,gid:progressive},{name:rockabilly,lpa:144,gid:rockabilly},{name:lounge,lpa:257,gid:lounge},{name:musical,lpa:357,gid:musical},{name:opera,lpa:314,gid:opera},{name:rumba,lpa:93,gid:rumba},{name:jazz,lpa:339,gid:jazz},{name:dance,lpa:239,gid:dance},{name:disco,lpa:146,gid:disco},{name:kizomba,lpa:371,gid:kizomba},{name:funk,lpa:348,gid:funk},{name:rave,lpa:256,gid:rave},{name:lounge,lpa:257,gid:lounge},{name:milonga,lpa:378,gid:milonga},{name:metal,lpa:354,gid:metal},{name:electro,lpa:127,gid:electro},{name:musical,lpa:357,gid:musical},{name:timba,lpa:391,gid:timba},{name:house,lpa:321,gid:house},{name:rockabilly,lpa:144,gid:rockabilly},{name:disco,lpa:146,gid:disco},{name:pop,lpa:313,gid:pop},{name:techno,lpa:232,gid:techno},{name:flamenco,lpa:136,gid:flamenco},{name:schlager,lpa:286,gid:schlager},{name:dance,lpa:239,gid:dance},{name:kizomba,lpa:371,gid:kizomba},{name:latin,lpa:169,gid:latin},{name:trance,lpa:281,gid:trance},{name:tango,lpa:148,gid:tango},{name:opera,lpa:314,gid:opera},{name:reggaeton,lpa:350,gid:reggaeton},{name:rave,lpa:256,gid:rave},{name:dubstep,lpa:1,gid:dubstep},{name:rumba,lpa:93,gid:rumba},{name:jazz,lpa:339,gid:jazz},{name:progressive,lpa:328,gid:progressive},{name:funk,lpa:348,gid:funk},{name:trap,lpa:379,gid:trap}]"
"{name:ballad,lpa:211,gid:ballad}",4,"[{name:rave,lpa:256,gid:rave},{name:blues,lpa:337,gid:blues},{name:psychedelic,lpa:164,gid:psychedelic},{name:jazz,lpa:339,gid:jazz},{name:chanson,lpa:344,gid:chanson},{name:mambo,lpa:95,gid:mambo},{name:dance,lpa:239,gid:dance},{name:rock,lpa:165,gid:rock},{name:electro,lpa:127,gid:electro},{name:pop,lpa:313,gid:pop},{name:rave,lpa:256,gid:rave},{name:dance,lpa:239,gid:dance},{name:blues,lpa:337,gid:blues},{name:chanson,lpa:344,gid:chanson},{name:rock,lpa:165,gid:rock},{name:psychedelic,lpa:164,gid:psychedelic},{name:jazz,lpa:339,gid:jazz},{name:electro,lpa:127,gid:electro},{name:mambo,lpa:95,gid:mambo},{name:pop,lpa:313,gid:pop}]"
"{name:bebop,lpa:218,gid:bebop}",2,"[{name:jazz,lpa:339,gid:jazz},{name:soul,lpa:303,gid:soul},{name:bluegrass,lpa:157,gid:bluegrass},{name:latin,lpa:169,gid:latin},{name:funk,lpa:348,gid:funk},{name:salsa,lpa:201,gid:salsa},{name:instrumental,lpa:137,gid:instrumental},{name:bluegrass,lpa:157,gid:bluegrass},{name:soul,lpa:303,gid:soul},{name:funk,lpa:348,gid:funk},{name:salsa,lpa:201,gid:salsa},{name:latin,lpa:169,gid:latin},{name:instrumental,lpa:137,gid:instrumental},{name:jazz,lpa:339,gid:jazz}]"
"{name:minimal,lpa:223,gid:minimal}",34,"[{name:dance,lpa:239,gid:dance},{name:industrial,lpa:342,gid:industrial},{name:electro,lpa:127,gid:electro},{name:trance,lpa:281,gid:trance},{name:progressive,lpa:328,gid:progressive},{name:electronica,lpa:192,gid:electronica},{name:chillout,lpa:307,gid:chillout},{name:experimental,lpa:329,gid:experimental},{name:techno,lpa:232,gid:techno},{name:reggae,lpa:338,gid:reggae},{name:downtempo,lpa:156,gid:downtempo},{name:electronic,lpa:163,gid:electronic},{name:rock,lpa:165,gid:rock},{name:house,lpa:321,gid:house},{name:dub,lpa:279,gid:dub},{name:chillout,lpa:307,gid:chillout},{name:industrial,lpa:342,gid:industrial},{name:dub,lpa:279,gid:dub},{name:electro,lpa:127,gid:electro},{name:electronica,lpa:192,gid:electronica},{name:experimental,lpa:329,gid:experimental},{name:reggae,lpa:338,gid:reggae},{name:house,lpa:321,gid:house},{name:downtempo,lpa:156,gid:downtempo},{name:trance,lpa:281,gid:trance},{name:progressive,lpa:328,gid:progressive},{name:dance,lpa:239,gid:dance},{name:electronic,lpa:163,gid:electronic},{name:techno,lpa:232,gid:techno},{name:rock,lpa:165,gid:rock}]"
"{name:shoegaze,lpa:229,gid:shoegaze}",4,"[{name:indie,lpa:145,gid:indie},{name:fusion,lpa:139,gid:fusion},{name:glam,lpa:200,gid:glam},{name:metal,lpa:354,gid:metal},{name:experimental,lpa:329,gid:experimental},{name:blues,lpa:337,gid:blues},{name:progressive,lpa:328,gid:progressive},{name:rock,lpa:165,gid:rock},{name:psychedelic,lpa:164,gid:psychedelic},{name:pop,lpa:313,gid:pop},{name:soul,lpa:303,gid:soul},{name:folk,lpa:322,gid:folk},{name:jazz,lpa:339,gid:jazz},{name:progressive,lpa:328,gid:progressive},{name:blues,lpa:337,gid:blues},{name:folk,lpa:322,gid:folk},{name:jazz,lpa:339,gid:jazz},{name:soul,lpa:303,gid:soul},{name:pop,lpa:313,gid:pop},{name:fusion,lpa:139,gid:fusion},{name:rock,lpa:165,gid:rock},{name:experimental,lpa:329,gid:experimental},{name:indie,lpa:145,gid:indie},{name:metal,lpa:354,gid:metal},{name:glam,lpa:200,gid:glam},{name:psychedelic,lpa:164,gid:psychedelic}]"
"{name:noise,lpa:230,gid:noise}",3,"[{name:rock,lpa:165,gid:rock},{name:rock,lpa:165,gid:rock}]"
"{name:americana,lpa:231,gid:americana}",8,"[{name:country,lpa:181,gid:country},{name:country,lpa:181,gid:country}]"
"{name:techno,lpa:232,gid:techno}",55,"[{name:psytrance,lpa:264,gid:psytrance},{name:electronic,lpa:163,gid:electronic},{name:electronica,lpa:192,gid:electronica},{name:downtempo,lpa:156,gid:downtempo},{name:trap,lpa:379,gid:trap},{name:dance,lpa:239,gid:dance},{name:electro,lpa:127,gid:electro},{name:opera,lpa:314,gid:opera},{name:kizomba,lpa:371,gid:kizomba},{name:ebm,lpa:195,gid:ebm},{name:industrial,lpa:342,gid:industrial},{name:experimental,lpa:329,gid:experimental},{name:pop,lpa:313,gid:pop},{name:club,lpa:208,gid:club},{name:tango,lpa:148,gid:tango},{name:disco,lpa:146,gid:disco},{name:progressive,lpa:328,gid:progressive},{name:latin,lpa:169,gid:latin},{name:chillout,lpa:307,gid:chillout},{name:milonga,lpa:378,gid:milonga},{name:house,lpa:321,gid:house},{name:trance,lpa:281,gid:trance},{name:dubstep,lpa:1,gid:dubstep},{name:dub,lpa:279,gid:dub},{name:flamenco,lpa:136,gid:flamenco},{name:minimal,lpa:223,gid:minimal},{name:rave,lpa:256,gid:rave},{name:psytrance,lpa:264,gid:psytrance},{name:chillout,lpa:307,gid:chillout},{name:electronica,lpa:192,gid:electronica},{name:trance,lpa:281,gid:trance},{name:industrial,lpa:342,gid:industrial},{name:dub,lpa:279,gid:dub},{name:tango,lpa:148,gid:tango},{name:club,lpa:208,gid:club},{name:disco,lpa:146,gid:disco},{name:house,lpa:321,gid:house},{name:milonga,lpa:378,gid:milonga},{name:progressive,lpa:328,gid:progressive},{name:ebm,lpa:195,gid:ebm},{name:minimal,lpa:223,gid:minimal},{name:pop,lpa:313,gid:pop},{name:opera,lpa:314,gid:opera},{name:kizomba,lpa:371,gid:kizomba},{name:electro,lpa:127,gid:electro},{name:downtempo,lpa:156,gid:downtempo},{name:dubstep,lpa:1,gid:dubstep},{name:rave,lpa:256,gid:rave},{name:dance,lpa:239,gid:dance},{name:electronic,lpa:163,gid:electronic},{name:latin,lpa:169,gid:latin},{name:trap,lpa:379,gid:trap},{name:experimental,lpa:329,gid:experimental},{name:flamenco,lpa:136,gid:flamenco}]"
"{name:dancehall,lpa:237,gid:dancehall}",4,"[{name:reggae,lpa:338,gid:reggae},{name:dance,lpa:239,gid:dance},{name:reggae,lpa:338,gid:reggae},{name:dance,lpa:239,gid:dance}]"
"{name:dance,lpa:239,gid:dance}",337,"[{name:country,lpa:181,gid:country},{name:merengue,lpa:71,gid:merengue},{name:funk,lpa:348,gid:funk},{name:bachata,lpa:11,gid:bachata},{name:salsa,lpa:201,gid:salsa},{name:musical,lpa:357,gid:musical},{name:kizomba,lpa:371,gid:kizomba},{name:dubstep,lpa:1,gid:dubstep},{name:milonga,lpa:378,gid:milonga},{name:chanson,lpa:344,gid:chanson},{name:electro,lpa:127,gid:electro},{name:reggaeton,lpa:350,gid:reggaeton},{name:blues,lpa:337,gid:blues},{name:dancehall,lpa:237,gid:dancehall},{name:tango,lpa:148,gid:tango},{name:rock,lpa:165,gid:rock},{name:ballad,lpa:211,gid:ballad},{name:flamenco,lpa:136,gid:flamenco},{name:comedy,lpa:278,gid:comedy},{name:trance,lpa:281,gid:trance},{name:mambo,lpa:95,gid:mambo},{name:trap,lpa:379,gid:trap},{name:psytrance,lpa:264,gid:psytrance},{name:club,lpa:208,gid:club},{name:opera,lpa:314,gid:opera},{name:pop,lpa:313,gid:pop},{name:soul,lpa:303,gid:soul},{name:jazz,lpa:339,gid:jazz},{name:rave,lpa:256,gid:rave},{name:minimal,lpa:223,gid:minimal},{name:idm,lpa:162,gid:idm},{name:techno,lpa:232,gid:techno},{name:disco,lpa:146,gid:disco},{name:latin,lpa:169,gid:latin},{name:electronic,lpa:163,gid:electronic},{name:house,lpa:321,gid:house},{name:alternative rock,lpa:360,gid:alternative rock},{name:bachata,lpa:11,gid:bachata},{name:minimal,lpa:223,gid:minimal},{name:techno,lpa:232,gid:techno},{name:electro,lpa:127,gid:electro},{name:idm,lpa:162,gid:idm},{name:reggaeton,lpa:350,gid:reggaeton},{name:trance,lpa:281,gid:trance},{name:country,lpa:181,gid:country},{name:pop,lpa:313,gid:pop},{name:tango,lpa:148,gid:tango},{name:dancehall,lpa:237,gid:dancehall},{name:electronic,lpa:163,gid:electronic},{name:salsa,lpa:201,gid:salsa},{name:flamenco,lpa:136,gid:flamenco},{name:house,lpa:321,gid:house},{name:disco,lpa:146,gid:disco},{name:musical,lpa:357,gid:musical},{name:chanson,lpa:344,gid:chanson},{name:jazz,lpa:339,gid:jazz},{name:ballad,lpa:211,gid:ballad},{name:funk,lpa:348,gid:funk},{name:merengue,lpa:71,gid:merengue},{name:latin,lpa:169,gid:latin},{name:soul,lpa:303,gid:soul},{name:rock,lpa:165,gid:rock},{name:blues,lpa:337,gid:blues},{name:kizomba,lpa:371,gid:kizomba},{name:milonga,lpa:378,gid:milonga},{name:club,lpa:208,gid:club},{name:dubstep,lpa:1,gid:dubstep},{name:trap,lpa:379,gid:trap},{name:comedy,lpa:278,gid:comedy},{name:opera,lpa:314,gid:opera},{name:alternative rock,lpa:360,gid:alternative rock},{name:rave,lpa:256,gid:rave},{name:psytrance,lpa:264,gid:psytrance},{name:mambo,lpa:95,gid:mambo}]"
"{name:grindcore,lpa:244,gid:grindcore}",2,"[{name:rock,lpa:165,gid:rock},{name:metal,lpa:354,gid:metal},{name:ambient,lpa:170,gid:ambient},{name:drone,lpa:124,gid:drone},{name:ambient,lpa:170,gid:ambient},{name:rock,lpa:165,gid:rock},{name:drone,lpa:124,gid:drone},{name:metal,lpa:354,gid:metal}]"
"{name:psychobilly,lpa:246,gid:psychobilly}",2,"[{name:rockabilly,lpa:144,gid:rockabilly},{name:rockabilly,lpa:144,gid:rockabilly}]"
"{name:emocore,lpa:253,gid:emocore}",1,"[{name:emo,lpa:310,gid:emo},{name:emo,lpa:310,gid:emo}]"
"{name:rave,lpa:256,gid:rave}",211,"[{name:rock,lpa:165,gid:rock},{name:drone,lpa:124,gid:drone},{name:flamenco,lpa:136,gid:flamenco},{name:house,lpa:321,gid:house},{name:pop,lpa:313,gid:pop},{name:ballad,lpa:211,gid:ballad},{name:opera,lpa:314,gid:opera},{name:electro,lpa:127,gid:electro},{name:tango,lpa:148,gid:tango},{name:trap,lpa:379,gid:trap},{name:kizomba,lpa:371,gid:kizomba},{name:psychedelic,lpa:164,gid:psychedelic},{name:latin,lpa:169,gid:latin},{name:dubstep,lpa:1,gid:dubstep},{name:techno,lpa:232,gid:techno},{name:trance,lpa:281,gid:trance},{name:blues,lpa:337,gid:blues},{name:soul,lpa:303,gid:soul},{name:milonga,lpa:378,gid:milonga},{name:club,lpa:208,gid:club},{name:dance,lpa:239,gid:dance},{name:disco,lpa:146,gid:disco},{name:ballad,lpa:211,gid:ballad},{name:house,lpa:321,gid:house},{name:flamenco,lpa:136,gid:flamenco},{name:disco,lpa:146,gid:disco},{name:soul,lpa:303,gid:soul},{name:rock,lpa:165,gid:rock},{name:drone,lpa:124,gid:drone},{name:pop,lpa:313,gid:pop},{name:trap,lpa:379,gid:trap},{name:blues,lpa:337,gid:blues},{name:dubstep,lpa:1,gid:dubstep},{name:dance,lpa:239,gid:dance},{name:milonga,lpa:378,gid:milonga},{name:psychedelic,lpa:164,gid:psychedelic},{name:latin,lpa:169,gid:latin},{name:electro,lpa:127,gid:electro},{name:trance,lpa:281,gid:trance},{name:tango,lpa:148,gid:tango},{name:club,lpa:208,gid:club},{name:opera,lpa:314,gid:opera},{name:techno,lpa:232,gid:techno},{name:kizomba,lpa:371,gid:kizomba}]"
"{name:lounge,lpa:257,gid:lounge}",20,"[{name:ambient,lpa:170,gid:ambient},{name:jazz,lpa:339,gid:jazz},{name:club,lpa:208,gid:club},{name:reggaeton,lpa:350,gid:reggaeton},{name:house,lpa:321,gid:house},{name:bossa nova,lpa:203,gid:bossa nova},{name:progressive,lpa:328,gid:progressive},{name:progressive,lpa:328,gid:progressive},{name:bossa nova,lpa:203,gid:bossa nova},{name:jazz,lpa:339,gid:jazz},{name:club,lpa:208,gid:club},{name:ambient,lpa:170,gid:ambient},{name:house,lpa:321,gid:house},{name:reggaeton,lpa:350,gid:reggaeton}]"
"{name:psytrance,lpa:264,gid:psytrance}",1,"[{name:techno,lpa:232,gid:techno},{name:trance,lpa:281,gid:trance},{name:dance,lpa:239,gid:dance},{name:techno,lpa:232,gid:techno},{name:trance,lpa:281,gid:trance},{name:dance,lpa:239,gid:dance}]"
"{name:metalcore,lpa:275,gid:metalcore}",4,"[{name:metal,lpa:354,gid:metal},{name:metal,lpa:354,gid:metal}]"
"{name:comedy,lpa:278,gid:comedy}",23,"[{name:opera,lpa:314,gid:opera},{name:dance,lpa:239,gid:dance},{name:opera,lpa:314,gid:opera},{name:dance,lpa:239,gid:dance}]"
"{name:dub,lpa:279,gid:dub}",2,"[{name:techno,lpa:232,gid:techno},{name:minimal,lpa:223,gid:minimal},{name:techno,lpa:232,gid:techno},{name:minimal,lpa:223,gid:minimal}]"
"{name:trance,lpa:281,gid:trance}",47,"[{name:disco,lpa:146,gid:disco},{name:techno,lpa:232,gid:techno},{name:psytrance,lpa:264,gid:psytrance},{name:electronic,lpa:163,gid:electronic},{name:milonga,lpa:378,gid:milonga},{name:latin,lpa:169,gid:latin},{name:dance,lpa:239,gid:dance},{name:progressive,lpa:328,gid:progressive},{name:pop,lpa:313,gid:pop},{name:tango,lpa:148,gid:tango},{name:dubstep,lpa:1,gid:dubstep},{name:psychedelic,lpa:164,gid:psychedelic},{name:opera,lpa:314,gid:opera},{name:flamenco,lpa:136,gid:flamenco},{name:minimal,lpa:223,gid:minimal},{name:trap,lpa:379,gid:trap},{name:club,lpa:208,gid:club},{name:rave,lpa:256,gid:rave},{name:electro,lpa:127,gid:electro},{name:house,lpa:321,gid:house},{name:kizomba,lpa:371,gid:kizomba},{name:flamenco,lpa:136,gid:flamenco},{name:minimal,lpa:223,gid:minimal},{name:electronic,lpa:163,gid:electronic},{name:milonga,lpa:378,gid:milonga},{name:opera,lpa:314,gid:opera},{name:psychedelic,lpa:164,gid:psychedelic},{name:club,lpa:208,gid:club},{name:kizomba,lpa:371,gid:kizomba},{name:dubstep,lpa:1,gid:dubstep},{name:disco,lpa:146,gid:disco},{name:dance,lpa:239,gid:dance},{name:electro,lpa:127,gid:electro},{name:tango,lpa:148,gid:tango},{name:progressive,lpa:328,gid:progressive},{name:psytrance,lpa:264,gid:psytrance},{name:latin,lpa:169,gid:latin},{name:trap,lpa:379,gid:trap},{name:rave,lpa:256,gid:rave},{name:pop,lpa:313,gid:pop},{name:techno,lpa:232,gid:techno},{name:house,lpa:321,gid:house}]"
"{name:punk,lpa:282,gid:punk}",21,"[{name:soul,lpa:303,gid:soul},{name:drone,lpa:124,gid:drone},{name:blues,lpa:337,gid:blues},{name:folk,lpa:322,gid:folk},{name:glam,lpa:200,gid:glam},{name:psychedelic,lpa:164,gid:psychedelic},{name:indie,lpa:145,gid:indie},{name:ska,lpa:135,gid:ska},{name:rockabilly,lpa:144,gid:rockabilly},{name:rock,lpa:165,gid:rock},{name:funk,lpa:348,gid:funk},{name:metal,lpa:354,gid:metal},{name:rock,lpa:165,gid:rock},{name:metal,lpa:354,gid:metal},{name:folk,lpa:322,gid:folk},{name:glam,lpa:200,gid:glam},{name:drone,lpa:124,gid:drone},{name:ska,lpa:135,gid:ska},{name:blues,lpa:337,gid:blues},{name:soul,lpa:303,gid:soul},{name:rockabilly,lpa:144,gid:rockabilly},{name:indie,lpa:145,gid:indie},{name:funk,lpa:348,gid:funk},{name:psychedelic,lpa:164,gid:psychedelic}]"
"{name:schlager,lpa:286,gid:schlager}",15,"[{name:celtic,lpa:290,gid:celtic},{name:club,lpa:208,gid:club},{name:pop,lpa:313,gid:pop},{name:trap,lpa:379,gid:trap},{name:pop,lpa:313,gid:pop},{name:club,lpa:208,gid:club},{name:trap,lpa:379,gid:trap},{name:celtic,lpa:290,gid:celtic}]"
"{name:celtic,lpa:290,gid:celtic}",9,"[{name:trap,lpa:379,gid:trap},{name:schlager,lpa:286,gid:schlager},{name:schlager,lpa:286,gid:schlager},{name:trap,lpa:379,gid:trap}]"
"{name:britpop,lpa:293,gid:britpop}",1,"[{name:disco,lpa:146,gid:disco},{name:indie,lpa:145,gid:indie},{name:indie,lpa:145,gid:indie},{name:disco,lpa:146,gid:disco}]"
"{name:soul,lpa:303,gid:soul}",97,"[{name:progressive,lpa:328,gid:progressive},{name:salsa,lpa:201,gid:salsa},{name:bebop,lpa:218,gid:bebop},{name:downtempo,lpa:156,gid:downtempo},{name:reggae,lpa:338,gid:reggae},{name:funk,lpa:348,gid:funk},{name:latin,lpa:169,gid:latin},{name:metal,lpa:354,gid:metal},{name:blues,lpa:337,gid:blues},{name:disco,lpa:146,gid:disco},{name:psychedelic,lpa:164,gid:psychedelic},{name:shoegaze,lpa:229,gid:shoegaze},{name:rave,lpa:256,gid:rave},{name:instrumental,lpa:137,gid:instrumental},{name:glam,lpa:200,gid:glam},{name:drone,lpa:124,gid:drone},{name:trap,lpa:379,gid:trap},{name:experimental,lpa:329,gid:experimental},{name:punk,lpa:282,gid:punk},{name:jazz,lpa:339,gid:jazz},{name:ska,lpa:135,gid:ska},{name:pop,lpa:313,gid:pop},{name:dance,lpa:239,gid:dance},{name:fusion,lpa:139,gid:fusion},{name:folk,lpa:322,gid:folk},{name:rock,lpa:165,gid:rock},{name:country,lpa:181,gid:country},{name:indie,lpa:145,gid:indie},{name:glam,lpa:200,gid:glam},{name:punk,lpa:282,gid:punk},{name:metal,lpa:354,gid:metal},{name:blues,lpa:337,gid:blues},{name:folk,lpa:322,gid:folk},{name:bebop,lpa:218,gid:bebop},{name:ska,lpa:135,gid:ska},{name:disco,lpa:146,gid:disco},{name:instrumental,lpa:137,gid:instrumental},{name:pop,lpa:313,gid:pop},{name:indie,lpa:145,gid:indie},{name:experimental,lpa:329,gid:experimental},{name:latin,lpa:169,gid:latin},{name:progressive,lpa:328,gid:progressive},{name:funk,lpa:348,gid:funk},{name:dance,lpa:239,gid:dance},{name:rock,lpa:165,gid:rock},{name:salsa,lpa:201,gid:salsa},{name:trap,lpa:379,gid:trap},{name:reggae,lpa:338,gid:reggae},{name:drone,lpa:124,gid:drone},{name:fusion,lpa:139,gid:fusion},{name:rave,lpa:256,gid:rave},{name:shoegaze,lpa:229,gid:shoegaze},{name:country,lpa:181,gid:country},{name:jazz,lpa:339,gid:jazz},{name:downtempo,lpa:156,gid:downtempo},{name:psychedelic,lpa:164,gid:psychedelic}]"
"{name:chillout,lpa:307,gid:chillout}",2,"[{name:techno,lpa:232,gid:techno},{name:minimal,lpa:223,gid:minimal},{name:industrial,lpa:342,gid:industrial},{name:downtempo,lpa:156,gid:downtempo},{name:electronica,lpa:192,gid:electronica},{name:experimental,lpa:329,gid:experimental},{name:experimental,lpa:329,gid:experimental},{name:minimal,lpa:223,gid:minimal},{name:electronica,lpa:192,gid:electronica},{name:industrial,lpa:342,gid:industrial},{name:techno,lpa:232,gid:techno},{name:downtempo,lpa:156,gid:downtempo}]"
"{name:emo,lpa:310,gid:emo}",1,"[{name:emocore,lpa:253,gid:emocore},{name:emocore,lpa:253,gid:emocore}]"
"{name:pop,lpa:313,gid:pop}",147,"[{name:house,lpa:321,gid:house},{name:milonga,lpa:378,gid:milonga},{name:experimental,lpa:329,gid:experimental},{name:blues,lpa:337,gid:blues},{name:flamenco,lpa:136,gid:flamenco},{name:musical,lpa:357,gid:musical},{name:soul,lpa:303,gid:soul},{name:electro,lpa:127,gid:electro},{name:schlager,lpa:286,gid:schlager},{name:fusion,lpa:139,gid:fusion},{name:progressive,lpa:328,gid:progressive},{name:latin,lpa:169,gid:latin},{name:techno,lpa:232,gid:techno},{name:dance,lpa:239,gid:dance},{name:shoegaze,lpa:229,gid:shoegaze},{name:club,lpa:208,gid:club},{name:metal,lpa:354,gid:metal},{name:indie,lpa:145,gid:indie},{name:rave,lpa:256,gid:rave},{name:reggae,lpa:338,gid:reggae},{name:psychedelic,lpa:164,gid:psychedelic},{name:jazz,lpa:339,gid:jazz},{name:trap,lpa:379,gid:trap},{name:tango,lpa:148,gid:tango},{name:ambient,lpa:170,gid:ambient},{name:opera,lpa:314,gid:opera},{name:kizomba,lpa:371,gid:kizomba},{name:country,lpa:181,gid:country},{name:glam,lpa:200,gid:glam},{name:rock,lpa:165,gid:rock},{name:reggaeton,lpa:350,gid:reggaeton},{name:dubstep,lpa:1,gid:dubstep},{name:trance,lpa:281,gid:trance},{name:funk,lpa:348,gid:funk},{name:ballad,lpa:211,gid:ballad},{name:folk,lpa:322,gid:folk},{name:disco,lpa:146,gid:disco},{name:reggae,lpa:338,gid:reggae},{name:indie,lpa:145,gid:indie},{name:electro,lpa:127,gid:electro},{name:rave,lpa:256,gid:rave},{name:blues,lpa:337,gid:blues},{name:flamenco,lpa:136,gid:flamenco},{name:progressive,lpa:328,gid:progressive},{name:trance,lpa:281,gid:trance},{name:techno,lpa:232,gid:techno},{name:latin,lpa:169,gid:latin},{name:rock,lpa:165,gid:rock},{name:club,lpa:208,gid:club},{name:opera,lpa:314,gid:opera},{name:milonga,lpa:378,gid:milonga},{name:glam,lpa:200,gid:glam},{name:dance,lpa:239,gid:dance},{name:experimental,lpa:329,gid:experimental},{name:trap,lpa:379,gid:trap},{name:psychedelic,lpa:164,gid:psychedelic},{name:ambient,lpa:170,gid:ambient},{name:fusion,lpa:139,gid:fusion},{name:dubstep,lpa:1,gid:dubstep},{name:disco,lpa:146,gid:disco},{name:soul,lpa:303,gid:soul},{name:metal,lpa:354,gid:metal},{name:house,lpa:321,gid:house},{name:folk,lpa:322,gid:folk},{name:schlager,lpa:286,gid:schlager},{name:shoegaze,lpa:229,gid:shoegaze},{name:jazz,lpa:339,gid:jazz},{name:country,lpa:181,gid:country},{name:funk,lpa:348,gid:funk},{name:reggaeton,lpa:350,gid:reggaeton},{name:musical,lpa:357,gid:musical},{name:kizomba,lpa:371,gid:kizomba},{name:tango,lpa:148,gid:tango},{name:ballad,lpa:211,gid:ballad}]"
"{name:opera,lpa:314,gid:opera}",172,"[{name:classical,lpa:132,gid:classical},{name:kizomba,lpa:371,gid:kizomba},{name:folk,lpa:322,gid:folk},{name:garage,lpa:183,gid:garage},{name:trance,lpa:281,gid:trance},{name:latin,lpa:169,gid:latin},{name:house,lpa:321,gid:house},{name:comedy,lpa:278,gid:comedy},{name:reggae,lpa:338,gid:reggae},{name:techno,lpa:232,gid:techno},{name:disco,lpa:146,gid:disco},{name:pop,lpa:313,gid:pop},{name:rock,lpa:165,gid:rock},{name:jazz,lpa:339,gid:jazz},{name:musical,lpa:357,gid:musical},{name:tango,lpa:148,gid:tango},{name:flamenco,lpa:136,gid:flamenco},{name:trap,lpa:379,gid:trap},{name:indie,lpa:145,gid:indie},{name:electro,lpa:127,gid:electro},{name:club,lpa:208,gid:club},{name:milonga,lpa:378,gid:milonga},{name:dance,lpa:239,gid:dance},{name:rave,lpa:256,gid:rave},{name:disco,lpa:146,gid:disco},{name:techno,lpa:232,gid:techno},{name:kizomba,lpa:371,gid:kizomba},{name:folk,lpa:322,gid:folk},{name:musical,lpa:357,gid:musical},{name:comedy,lpa:278,gid:comedy},{name:rave,lpa:256,gid:rave},{name:tango,lpa:148,gid:tango},{name:garage,lpa:183,gid:garage},{name:flamenco,lpa:136,gid:flamenco},{name:trance,lpa:281,gid:trance},{name:jazz,lpa:339,gid:jazz},{name:dance,lpa:239,gid:dance},{name:club,lpa:208,gid:club},{name:trap,lpa:379,gid:trap},{name:milonga,lpa:378,gid:milonga},{name:pop,lpa:313,gid:pop},{name:electro,lpa:127,gid:electro},{name:reggae,lpa:338,gid:reggae},{name:classical,lpa:132,gid:classical},{name:house,lpa:321,gid:house},{name:rock,lpa:165,gid:rock},{name:indie,lpa:145,gid:indie},{name:latin,lpa:169,gid:latin}]"
"{name:house,lpa:321,gid:house}",73,"[{name:progressive,lpa:328,gid:progressive},{name:rave,lpa:256,gid:rave},{name:electronic,lpa:163,gid:electronic},{name:funk,lpa:348,gid:funk},{name:club,lpa:208,gid:club},{name:techno,lpa:232,gid:techno},{name:flamenco,lpa:136,gid:flamenco},{name:disco,lpa:146,gid:disco},{name:drone,lpa:124,gid:drone},{name:minimal,lpa:223,gid:minimal},{name:milonga,lpa:378,gid:milonga},{name:latin,lpa:169,gid:latin},{name:kizomba,lpa:371,gid:kizomba},{name:dance,lpa:239,gid:dance},{name:electronica,lpa:192,gid:electronica},{name:guaracha,lpa:168,gid:guaracha},{name:tango,lpa:148,gid:tango},{name:rock,lpa:165,gid:rock},{name:metal,lpa:354,gid:metal},{name:pop,lpa:313,gid:pop},{name:opera,lpa:314,gid:opera},{name:lounge,lpa:257,gid:lounge},{name:trap,lpa:379,gid:trap},{name:electro,lpa:127,gid:electro},{name:trance,lpa:281,gid:trance},{name:pop,lpa:313,gid:pop},{name:disco,lpa:146,gid:disco},{name:electro,lpa:127,gid:electro},{name:rave,lpa:256,gid:rave},{name:club,lpa:208,gid:club},{name:metal,lpa:354,gid:metal},{name:opera,lpa:314,gid:opera},{name:lounge,lpa:257,gid:lounge},{name:electronic,lpa:163,gid:electronic},{name:kizomba,lpa:371,gid:kizomba},{name:latin,lpa:169,gid:latin},{name:flamenco,lpa:136,gid:flamenco},{name:electronica,lpa:192,gid:electronica},{name:progressive,lpa:328,gid:progressive},{name:drone,lpa:124,gid:drone},{name:guaracha,lpa:168,gid:guaracha},{name:rock,lpa:165,gid:rock},{name:funk,lpa:348,gid:funk},{name:techno,lpa:232,gid:techno},{name:tango,lpa:148,gid:tango},{name:trap,lpa:379,gid:trap},{name:minimal,lpa:223,gid:minimal},{name:trance,lpa:281,gid:trance},{name:milonga,lpa:378,gid:milonga},{name:dance,lpa:239,gid:dance}]"
"{name:folk,lpa:322,gid:folk}",30,"[{name:soul,lpa:303,gid:soul},{name:shoegaze,lpa:229,gid:shoegaze},{name:opera,lpa:314,gid:opera},{name:glam,lpa:200,gid:glam},{name:rock,lpa:165,gid:rock},{name:punk,lpa:282,gid:punk},{name:swing,lpa:340,gid:swing},{name:tango,lpa:148,gid:tango},{name:fusion,lpa:139,gid:fusion},{name:metal,lpa:354,gid:metal},{name:experimental,lpa:329,gid:experimental},{name:psychedelic,lpa:164,gid:psychedelic},{name:jazz,lpa:339,gid:jazz},{name:indie,lpa:145,gid:indie},{name:blues,lpa:337,gid:blues},{name:pop,lpa:313,gid:pop},{name:progressive,lpa:328,gid:progressive},{name:opera,lpa:314,gid:opera},{name:experimental,lpa:329,gid:experimental},{name:psychedelic,lpa:164,gid:psychedelic},{name:jazz,lpa:339,gid:jazz},{name:punk,lpa:282,gid:punk},{name:metal,lpa:354,gid:metal},{name:fusion,lpa:139,gid:fusion},{name:rock,lpa:165,gid:rock},{name:glam,lpa:200,gid:glam},{name:indie,lpa:145,gid:indie},{name:swing,lpa:340,gid:swing},{name:progressive,lpa:328,gid:progressive},{name:soul,lpa:303,gid:soul},{name:blues,lpa:337,gid:blues},{name:tango,lpa:148,gid:tango},{name:shoegaze,lpa:229,gid:shoegaze},{name:pop,lpa:313,gid:pop}]"
"{name:progressive,lpa:328,gid:progressive}",14,"[{name:lounge,lpa:257,gid:lounge},{name:shoegaze,lpa:229,gid:shoegaze},{name:jazz,lpa:339,gid:jazz},{name:fusion,lpa:139,gid:fusion},{name:experimental,lpa:329,gid:experimental},{name:pop,lpa:313,gid:pop},{name:metal,lpa:354,gid:metal},{name:rock,lpa:165,gid:rock},{name:techno,lpa:232,gid:techno},{name:glam,lpa:200,gid:glam},{name:indie,lpa:145,gid:indie},{name:soul,lpa:303,gid:soul},{name:blues,lpa:337,gid:blues},{name:house,lpa:321,gid:house},{name:trance,lpa:281,gid:trance},{name:minimal,lpa:223,gid:minimal},{name:folk,lpa:322,gid:folk},{name:psychedelic,lpa:164,gid:psychedelic},{name:club,lpa:208,gid:club},{name:electro,lpa:127,gid:electro},{name:soul,lpa:303,gid:soul},{name:house,lpa:321,gid:house},{name:minimal,lpa:223,gid:minimal},{name:metal,lpa:354,gid:metal},{name:glam,lpa:200,gid:glam},{name:psychedelic,lpa:164,gid:psychedelic},{name:trance,lpa:281,gid:trance},{name:blues,lpa:337,gid:blues},{name:pop,lpa:313,gid:pop},{name:fusion,lpa:139,gid:fusion},{name:indie,lpa:145,gid:indie},{name:jazz,lpa:339,gid:jazz},{name:club,lpa:208,gid:club},{name:techno,lpa:232,gid:techno},{name:shoegaze,lpa:229,gid:shoegaze},{name:experimental,lpa:329,gid:experimental},{name:folk,lpa:322,gid:folk},{name:rock,lpa:165,gid:rock},{name:lounge,lpa:257,gid:lounge},{name:electro,lpa:127,gid:electro}]"
"{name:experimental,lpa:329,gid:experimental}",4,"[{name:folk,lpa:322,gid:folk},{name:chillout,lpa:307,gid:chillout},{name:electronica,lpa:192,gid:electronica},{name:downtempo,lpa:156,gid:downtempo},{name:minimal,lpa:223,gid:minimal},{name:soul,lpa:303,gid:soul},{name:rock,lpa:165,gid:rock},{name:shoegaze,lpa:229,gid:shoegaze},{name:industrial,lpa:342,gid:industrial},{name:pop,lpa:313,gid:pop},{name:metal,lpa:354,gid:metal},{name:jazz,lpa:339,gid:jazz},{name:progressive,lpa:328,gid:progressive},{name:blues,lpa:337,gid:blues},{name:glam,lpa:200,gid:glam},{name:fusion,lpa:139,gid:fusion},{name:techno,lpa:232,gid:techno},{name:indie,lpa:145,gid:indie},{name:psychedelic,lpa:164,gid:psychedelic},{name:pop,lpa:313,gid:pop},{name:progressive,lpa:328,gid:progressive},{name:blues,lpa:337,gid:blues},{name:minimal,lpa:223,gid:minimal},{name:jazz,lpa:339,gid:jazz},{name:psychedelic,lpa:164,gid:psychedelic},{name:techno,lpa:232,gid:techno},{name:indie,lpa:145,gid:indie},{name:electronica,lpa:192,gid:electronica},{name:folk,lpa:322,gid:folk},{name:soul,lpa:303,gid:soul},{name:shoegaze,lpa:229,gid:shoegaze},{name:metal,lpa:354,gid:metal},{name:rock,lpa:165,gid:rock},{name:chillout,lpa:307,gid:chillout},{name:downtempo,lpa:156,gid:downtempo},{name:glam,lpa:200,gid:glam},{name:fusion,lpa:139,gid:fusion},{name:industrial,lpa:342,gid:industrial}]"
"{name:blues,lpa:337,gid:blues}",71,"[{name:fusion,lpa:139,gid:fusion},{name:shoegaze,lpa:229,gid:shoegaze},{name:soul,lpa:303,gid:soul},{name:chanson,lpa:344,gid:chanson},{name:funk,lpa:348,gid:funk},{name:pop,lpa:313,gid:pop},{name:ska,lpa:135,gid:ska},{name:psychedelic,lpa:164,gid:psychedelic},{name:jazz,lpa:339,gid:jazz},{name:mambo,lpa:95,gid:mambo},{name:metal,lpa:354,gid:metal},{name:rock,lpa:165,gid:rock},{name:progressive,lpa:328,gid:progressive},{name:experimental,lpa:329,gid:experimental},{name:reggae,lpa:338,gid:reggae},{name:ballad,lpa:211,gid:ballad},{name:punk,lpa:282,gid:punk},{name:country,lpa:181,gid:country},{name:rave,lpa:256,gid:rave},{name:orchestral,lpa:8,gid:orchestral},{name:glam,lpa:200,gid:glam},{name:indie,lpa:145,gid:indie},{name:dance,lpa:239,gid:dance},{name:musical,lpa:357,gid:musical},{name:folk,lpa:322,gid:folk},{name:indie,lpa:145,gid:indie},{name:funk,lpa:348,gid:funk},{name:pop,lpa:313,gid:pop},{name:musical,lpa:357,gid:musical},{name:glam,lpa:200,gid:glam},{name:chanson,lpa:344,gid:chanson},{name:dance,lpa:239,gid:dance},{name:orchestral,lpa:8,gid:orchestral},{name:soul,lpa:303,gid:soul},{name:ballad,lpa:211,gid:ballad},{name:psychedelic,lpa:164,gid:psychedelic},{name:punk,lpa:282,gid:punk},{name:country,lpa:181,gid:country},{name:mambo,lpa:95,gid:mambo},{name:progressive,lpa:328,gid:progressive},{name:jazz,lpa:339,gid:jazz},{name:shoegaze,lpa:229,gid:shoegaze},{name:rock,lpa:165,gid:rock},{name:fusion,lpa:139,gid:fusion},{name:metal,lpa:354,gid:metal},{name:experimental,lpa:329,gid:experimental},{name:folk,lpa:322,gid:folk},{name:rave,lpa:256,gid:rave},{name:ska,lpa:135,gid:ska},{name:reggae,lpa:338,gid:reggae}]"
"{name:reggae,lpa:338,gid:reggae}",14,"[{name:pop,lpa:313,gid:pop},{name:trap,lpa:379,gid:trap},{name:dancehall,lpa:237,gid:dancehall},{name:jazz,lpa:339,gid:jazz},{name:minimal,lpa:223,gid:minimal},{name:soul,lpa:303,gid:soul},{name:opera,lpa:314,gid:opera},{name:blues,lpa:337,gid:blues},{name:rock,lpa:165,gid:rock},{name:trap,lpa:379,gid:trap},{name:soul,lpa:303,gid:soul},{name:blues,lpa:337,gid:blues},{name:dancehall,lpa:237,gid:dancehall},{name:opera,lpa:314,gid:opera},{name:minimal,lpa:223,gid:minimal},{name:jazz,lpa:339,gid:jazz},{name:pop,lpa:313,gid:pop},{name:rock,lpa:165,gid:rock}]"
"{name:jazz,lpa:339,gid:jazz}",294,"[{name:country,lpa:181,gid:country},{name:rock,lpa:165,gid:rock},{name:salsa,lpa:201,gid:salsa},{name:metal,lpa:354,gid:metal},{name:tango,lpa:148,gid:tango},{name:instrumental,lpa:137,gid:instrumental},{name:bluegrass,lpa:157,gid:bluegrass},{name:electro,lpa:127,gid:electro},{name:glam,lpa:200,gid:glam},{name:shoegaze,lpa:229,gid:shoegaze},{name:folk,lpa:322,gid:folk},{name:experimental,lpa:329,gid:experimental},{name:disco,lpa:146,gid:disco},{name:psychedelic,lpa:164,gid:psychedelic},{name:swing,lpa:340,gid:swing},{name:fusion,lpa:139,gid:fusion},{name:progressive,lpa:328,gid:progressive},{name:blues,lpa:337,gid:blues},{name:musical,lpa:357,gid:musical},{name:opera,lpa:314,gid:opera},{name:lounge,lpa:257,gid:lounge},{name:reggae,lpa:338,gid:reggae},{name:dance,lpa:239,gid:dance},{name:ballad,lpa:211,gid:ballad},{name:drone,lpa:124,gid:drone},{name:bebop,lpa:218,gid:bebop},{name:pop,lpa:313,gid:pop},{name:timba,lpa:391,gid:timba},{name:indie,lpa:145,gid:indie},{name:funk,lpa:348,gid:funk},{name:bossa nova,lpa:203,gid:bossa nova},{name:club,lpa:208,gid:club},{name:latin,lpa:169,gid:latin},{name:soul,lpa:303,gid:soul},{name:bebop,lpa:218,gid:bebop},{name:lounge,lpa:257,gid:lounge},{name:progressive,lpa:328,gid:progressive},{name:fusion,lpa:139,gid:fusion},{name:bluegrass,lpa:157,gid:bluegrass},{name:rock,lpa:165,gid:rock},{name:blues,lpa:337,gid:blues},{name:timba,lpa:391,gid:timba},{name:tango,lpa:148,gid:tango},{name:salsa,lpa:201,gid:salsa},{name:reggae,lpa:338,gid:reggae},{name:indie,lpa:145,gid:indie},{name:ballad,lpa:211,gid:ballad},{name:folk,lpa:322,gid:folk},{name:latin,lpa:169,gid:latin},{name:glam,lpa:200,gid:glam},{name:soul,lpa:303,gid:soul},{name:opera,lpa:314,gid:opera},{name:electro,lpa:127,gid:electro},{name:metal,lpa:354,gid:metal},{name:drone,lpa:124,gid:drone},{name:pop,lpa:313,gid:pop},{name:musical,lpa:357,gid:musical},{name:experimental,lpa:329,gid:experimental},{name:instrumental,lpa:137,gid:instrumental},{name:disco,lpa:146,gid:disco},{name:dance,lpa:239,gid:dance},{name:psychedelic,lpa:164,gid:psychedelic},{name:bossa nova,lpa:203,gid:bossa nova},{name:club,lpa:208,gid:club},{name:country,lpa:181,gid:country},{name:funk,lpa:348,gid:funk},{name:swing,lpa:340,gid:swing},{name:shoegaze,lpa:229,gid:shoegaze}]"
"{name:swing,lpa:340,gid:swing}",24,"[{name:rock,lpa:165,gid:rock},{name:tango,lpa:148,gid:tango},{name:folk,lpa:322,gid:folk},{name:drone,lpa:124,gid:drone},{name:jazz,lpa:339,gid:jazz},{name:rock,lpa:165,gid:rock},{name:folk,lpa:322,gid:folk},{name:jazz,lpa:339,gid:jazz},{name:drone,lpa:124,gid:drone},{name:tango,lpa:148,gid:tango}]"
"{name:industrial,lpa:342,gid:industrial}",7,"[{name:minimal,lpa:223,gid:minimal},{name:techno,lpa:232,gid:techno},{name:chillout,lpa:307,gid:chillout},{name:downtempo,lpa:156,gid:downtempo},{name:electronica,lpa:192,gid:electronica},{name:experimental,lpa:329,gid:experimental},{name:minimal,lpa:223,gid:minimal},{name:chillout,lpa:307,gid:chillout},{name:techno,lpa:232,gid:techno},{name:experimental,lpa:329,gid:experimental},{name:electronica,lpa:192,gid:electronica},{name:downtempo,lpa:156,gid:downtempo}]"
"{name:chanson,lpa:344,gid:chanson}",1,"[{name:blues,lpa:337,gid:blues},{name:ballad,lpa:211,gid:ballad},{name:mambo,lpa:95,gid:mambo},{name:dance,lpa:239,gid:dance},{name:blues,lpa:337,gid:blues},{name:dance,lpa:239,gid:dance},{name:mambo,lpa:95,gid:mambo},{name:ballad,lpa:211,gid:ballad}]"
"{name:funk,lpa:348,gid:funk}",21,"[{name:orchestral,lpa:8,gid:orchestral},{name:trap,lpa:379,gid:trap},{name:blues,lpa:337,gid:blues},{name:instrumental,lpa:137,gid:instrumental},{name:disco,lpa:146,gid:disco},{name:bebop,lpa:218,gid:bebop},{name:latin,lpa:169,gid:latin},{name:salsa,lpa:201,gid:salsa},{name:ska,lpa:135,gid:ska},{name:soul,lpa:303,gid:soul},{name:dance,lpa:239,gid:dance},{name:rock,lpa:165,gid:rock},{name:punk,lpa:282,gid:punk},{name:house,lpa:321,gid:house},{name:fusion,lpa:139,gid:fusion},{name:pop,lpa:313,gid:pop},{name:indie,lpa:145,gid:indie},{name:jazz,lpa:339,gid:jazz},{name:club,lpa:208,gid:club},{name:instrumental,lpa:137,gid:instrumental},{name:latin,lpa:169,gid:latin},{name:dance,lpa:239,gid:dance},{name:blues,lpa:337,gid:blues},{name:soul,lpa:303,gid:soul},{name:house,lpa:321,gid:house},{name:rock,lpa:165,gid:rock},{name:salsa,lpa:201,gid:salsa},{name:indie,lpa:145,gid:indie},{name:orchestral,lpa:8,gid:orchestral},{name:bebop,lpa:218,gid:bebop},{name:disco,lpa:146,gid:disco},{name:fusion,lpa:139,gid:fusion},{name:punk,lpa:282,gid:punk},{name:ska,lpa:135,gid:ska},{name:jazz,lpa:339,gid:jazz},{name:club,lpa:208,gid:club},{name:trap,lpa:379,gid:trap},{name:pop,lpa:313,gid:pop}]"
"{name:reggaeton,lpa:350,gid:reggaeton}",70,"[{name:disco,lpa:146,gid:disco},{name:dance,lpa:239,gid:dance},{name:bachata,lpa:11,gid:bachata},{name:merengue,lpa:71,gid:merengue},{name:rumba,lpa:93,gid:rumba},{name:salsa,lpa:201,gid:salsa},{name:timba,lpa:391,gid:timba},{name:latin,lpa:169,gid:latin},{name:trap,lpa:379,gid:trap},{name:club,lpa:208,gid:club},{name:pop,lpa:313,gid:pop},{name:lounge,lpa:257,gid:lounge},{name:disco,lpa:146,gid:disco},{name:merengue,lpa:71,gid:merengue},{name:timba,lpa:391,gid:timba},{name:trap,lpa:379,gid:trap},{name:dance,lpa:239,gid:dance},{name:lounge,lpa:257,gid:lounge},{name:club,lpa:208,gid:club},{name:bachata,lpa:11,gid:bachata},{name:latin,lpa:169,gid:latin},{name:salsa,lpa:201,gid:salsa},{name:pop,lpa:313,gid:pop},{name:rumba,lpa:93,gid:rumba}]"
"{name:metal,lpa:354,gid:metal}",48,"[{name:soul,lpa:303,gid:soul},{name:punk,lpa:282,gid:punk},{name:ambient,lpa:170,gid:ambient},{name:progressive,lpa:328,gid:progressive},{name:club,lpa:208,gid:club},{name:tango,lpa:148,gid:tango},{name:rock,lpa:165,gid:rock},{name:house,lpa:321,gid:house},{name:glam,lpa:200,gid:glam},{name:milonga,lpa:378,gid:milonga},{name:folk,lpa:322,gid:folk},{name:metalcore,lpa:275,gid:metalcore},{name:jazz,lpa:339,gid:jazz},{name:disco,lpa:146,gid:disco},{name:experimental,lpa:329,gid:experimental},{name:grindcore,lpa:244,gid:grindcore},{name:blues,lpa:337,gid:blues},{name:pop,lpa:313,gid:pop},{name:psychedelic,lpa:164,gid:psychedelic},{name:shoegaze,lpa:229,gid:shoegaze},{name:indie,lpa:145,gid:indie},{name:drone,lpa:124,gid:drone},{name:fusion,lpa:139,gid:fusion},{name:rock,lpa:165,gid:rock},{name:jazz,lpa:339,gid:jazz},{name:milonga,lpa:378,gid:milonga},{name:metalcore,lpa:275,gid:metalcore},{name:soul,lpa:303,gid:soul},{name:blues,lpa:337,gid:blues},{name:disco,lpa:146,gid:disco},{name:progressive,lpa:328,gid:progressive},{name:shoegaze,lpa:229,gid:shoegaze},{name:psychedelic,lpa:164,gid:psychedelic},{name:club,lpa:208,gid:club},{name:folk,lpa:322,gid:folk},{name:drone,lpa:124,gid:drone},{name:pop,lpa:313,gid:pop},{name:ambient,lpa:170,gid:ambient},{name:indie,lpa:145,gid:indie},{name:glam,lpa:200,gid:glam},{name:grindcore,lpa:244,gid:grindcore},{name:experimental,lpa:329,gid:experimental},{name:house,lpa:321,gid:house},{name:tango,lpa:148,gid:tango},{name:fusion,lpa:139,gid:fusion},{name:punk,lpa:282,gid:punk}]"
"{name:musical,lpa:357,gid:musical}",44,"[{name:rock,lpa:165,gid:rock},{name:blues,lpa:337,gid:blues},{name:opera,lpa:314,gid:opera},{name:club,lpa:208,gid:club},{name:dance,lpa:239,gid:dance},{name:jazz,lpa:339,gid:jazz},{name:pop,lpa:313,gid:pop},{name:dance,lpa:239,gid:dance},{name:pop,lpa:313,gid:pop},{name:jazz,lpa:339,gid:jazz},{name:opera,lpa:314,gid:opera},{name:club,lpa:208,gid:club},{name:blues,lpa:337,gid:blues},{name:rock,lpa:165,gid:rock}]"
"{name:alternative rock,lpa:360,gid:alternative rock}",1,"[{name:disco,lpa:146,gid:disco},{name:dance,lpa:239,gid:dance},{name:disco,lpa:146,gid:disco},{name:dance,lpa:239,gid:dance}]"
"{name:kizomba,lpa:371,gid:kizomba}",6,"[{name:disco,lpa:146,gid:disco},{name:trap,lpa:379,gid:trap},{name:opera,lpa:314,gid:opera},{name:electro,lpa:127,gid:electro},{name:salsa,lpa:201,gid:salsa},{name:trance,lpa:281,gid:trance},{name:techno,lpa:232,gid:techno},{name:house,lpa:321,gid:house},{name:club,lpa:208,gid:club},{name:tango,lpa:148,gid:tango},{name:dance,lpa:239,gid:dance},{name:bachata,lpa:11,gid:bachata},{name:flamenco,lpa:136,gid:flamenco},{name:latin,lpa:169,gid:latin},{name:pop,lpa:313,gid:pop},{name:milonga,lpa:378,gid:milonga},{name:rave,lpa:256,gid:rave},{name:opera,lpa:314,gid:opera},{name:dance,lpa:239,gid:dance},{name:bachata,lpa:11,gid:bachata},{name:techno,lpa:232,gid:techno},{name:tango,lpa:148,gid:tango},{name:disco,lpa:146,gid:disco},{name:trap,lpa:379,gid:trap},{name:rave,lpa:256,gid:rave},{name:milonga,lpa:378,gid:milonga},{name:house,lpa:321,gid:house},{name:latin,lpa:169,gid:latin},{name:flamenco,lpa:136,gid:flamenco},{name:salsa,lpa:201,gid:salsa},{name:pop,lpa:313,gid:pop},{name:electro,lpa:127,gid:electro},{name:club,lpa:208,gid:club},{name:trance,lpa:281,gid:trance}]"
"{name:milonga,lpa:378,gid:milonga}",28,"[{name:metal,lpa:354,gid:metal},{name:trance,lpa:281,gid:trance},{name:club,lpa:208,gid:club},{name:flamenco,lpa:136,gid:flamenco},{name:techno,lpa:232,gid:techno},{name:rock,lpa:165,gid:rock},{name:tango,lpa:148,gid:tango},{name:latin,lpa:169,gid:latin},{name:electro,lpa:127,gid:electro},{name:kizomba,lpa:371,gid:kizomba},{name:pop,lpa:313,gid:pop},{name:trap,lpa:379,gid:trap},{name:opera,lpa:314,gid:opera},{name:indie,lpa:145,gid:indie},{name:rave,lpa:256,gid:rave},{name:dance,lpa:239,gid:dance},{name:disco,lpa:146,gid:disco},{name:house,lpa:321,gid:house},{name:latin,lpa:169,gid:latin},{name:pop,lpa:313,gid:pop},{name:trance,lpa:281,gid:trance},{name:dance,lpa:239,gid:dance},{name:indie,lpa:145,gid:indie},{name:flamenco,lpa:136,gid:flamenco},{name:disco,lpa:146,gid:disco},{name:metal,lpa:354,gid:metal},{name:club,lpa:208,gid:club},{name:house,lpa:321,gid:house},{name:trap,lpa:379,gid:trap},{name:electro,lpa:127,gid:electro},{name:techno,lpa:232,gid:techno},{name:rave,lpa:256,gid:rave},{name:rock,lpa:165,gid:rock},{name:opera,lpa:314,gid:opera},{name:kizomba,lpa:371,gid:kizomba},{name:tango,lpa:148,gid:tango}]"
"{name:trap,lpa:379,gid:trap}",108,"[{name:reggae,lpa:338,gid:reggae},{name:reggaeton,lpa:350,gid:reggaeton},{name:indie,lpa:145,gid:indie},{name:instrumental,lpa:137,gid:instrumental},{name:kizomba,lpa:371,gid:kizomba},{name:drone,lpa:124,gid:drone},{name:disco,lpa:146,gid:disco},{name:rave,lpa:256,gid:rave},{name:milonga,lpa:378,gid:milonga},{name:pop,lpa:313,gid:pop},{name:grunge,lpa:7,gid:grunge},{name:rock,lpa:165,gid:rock},{name:opera,lpa:314,gid:opera},{name:trance,lpa:281,gid:trance},{name:soul,lpa:303,gid:soul},{name:schlager,lpa:286,gid:schlager},{name:latin,lpa:169,gid:latin},{name:flamenco,lpa:136,gid:flamenco},{name:electro,lpa:127,gid:electro},{name:dance,lpa:239,gid:dance},{name:dubstep,lpa:1,gid:dubstep},{name:tango,lpa:148,gid:tango},{name:house,lpa:321,gid:house},{name:funk,lpa:348,gid:funk},{name:techno,lpa:232,gid:techno},{name:club,lpa:208,gid:club},{name:celtic,lpa:290,gid:celtic},{name:funk,lpa:348,gid:funk},{name:kizomba,lpa:371,gid:kizomba},{name:tango,lpa:148,gid:tango},{name:club,lpa:208,gid:club},{name:techno,lpa:232,gid:techno},{name:flamenco,lpa:136,gid:flamenco},{name:indie,lpa:145,gid:indie},{name:rock,lpa:165,gid:rock},{name:reggae,lpa:338,gid:reggae},{name:grunge,lpa:7,gid:grunge},{name:rave,lpa:256,gid:rave},{name:dubstep,lpa:1,gid:dubstep},{name:celtic,lpa:290,gid:celtic},{name:instrumental,lpa:137,gid:instrumental},{name:soul,lpa:303,gid:soul},{name:dance,lpa:239,gid:dance},{name:milonga,lpa:378,gid:milonga},{name:trance,lpa:281,gid:trance},{name:opera,lpa:314,gid:opera},{name:electro,lpa:127,gid:electro},{name:pop,lpa:313,gid:pop},{name:disco,lpa:146,gid:disco},{name:schlager,lpa:286,gid:schlager},{name:reggaeton,lpa:350,gid:reggaeton},{name:house,lpa:321,gid:house},{name:latin,lpa:169,gid:latin},{name:drone,lpa:124,gid:drone}]"
"{name:timba,lpa:391,gid:timba}",3,"[{name:reggaeton,lpa:350,gid:reggaeton},{name:salsa,lpa:201,gid:salsa},{name:jazz,lpa:339,gid:jazz},{name:club,lpa:208,gid:club},{name:rumba,lpa:93,gid:rumba},{name:rumba,lpa:93,gid:rumba},{name:club,lpa:208,gid:club},{name:reggaeton,lpa:350,gid:reggaeton},{name:jazz,lpa:339,gid:jazz},{name:salsa,lpa:201,gid:salsa}]"