#drone Nuovo Regolamento Droni ENAC,"['Regolamento Droni ENAC', 'drone']","['drone Nuovo', 'Regolamento', 'ENAC']",3/3,3/3,no,#['drone','Regolamento, ENAC']
Ãˆ uscito su tutte le piattaforme di streaming e digital download il nuovo singolo Lettera Al Destino â˜ºğŸµ  #letteraaldestino #music #musicaindie #musicaitaliana #musica #indie #indieitalia #indiemusic #indieitalianoâ€¦ https://t.co/VjXFRERxNL,"['streaming', 'musicaindie', 'letteraaldestino', 'Lettera Al Destino', 'music', 'digital', 'indiemusic', 'musicaitaliana', 'indieitaliano', 'indieitalia', 'indie']","['digital download', 'piattaforme di streaming', 'nuovo singolo Lettera', 'Destino', 'ğŸµ', 'music', 'musicaindie', 'musica', 'indieitalia', 'indiemusic', 'https://t.co/VjXFRERxNL']",9/9,6/9,sÃ¬,#['Lettera Al Destino','music', 'musicaindie','musicaitaliana','musica','indie','indieitalia','indiemusic','indieitaliano']
#SiriağŸ‡¸ğŸ‡¾ Esercito #siriano abbatte e disinnesca un #drone armato di esplosivo lanciato dai gruppi terroristici sull'aeroporto militare di #Hama.  Ecco dove finiscono gli aiuti umanitari degli sponsor del #terrorismo https://t.co/zyKy32Pv,"['Hama', 'sull', 'Esercito', 'drone']","['gruppi terroristici', 'aeroporto militare', 'aiuti umanitari degli sponsor', 'Siria', 'terrorismo https://t.co/zyKy32Pv', 'Esercito', 'drone', 'esplosivo', 'Hama']",3/4,4/4,no,#['Siria','Esercito','drone','Hama']
Morto ragazzo per #rave alla #Sapienza Ora la #politica di #Roma si schiererÃ  su quello che si deve fare #legalitÃ  #responsabilitÃ  #interessi â‚¬â‚¬â‚¬. PerchÃ© c'Ã¨ scappato un morto,"['Ora', 'rave']","['ragazzo', 'rave', 'Sapienza', 'Roma', 'legalitÃ ', 'responsabilitÃ ', 'interessi', 'morto']",1/3,3/3,no,#['rave','Sapienza','Roma']
 Un #Rave alla Sapienza non c'Ã¨ mai stato. In altre occasioni c'Ã¨ stata musica elettronica fino al massimo le 4 di mattina con gente di tutti i tipi anche esterni all'universitÃ . Ma dire rave oggi Ã¨ una grande menzogna per sfruttare una tragedia e criminalizzare i dissidenti. ğŸ˜¤ğŸ˜ ,"['all', 'Sapienza', 'rave', 'rave']","['musica elettronica', 'rave oggi', 'grande menzogna', 'ğŸ˜¤ğŸ˜ ', 'occasioni', 'Rave', 'mattina', 'gente', 'tipi', 'tragedia', 'Sapienza', 'universitÃ ', 'dissidenti']",3/7,7/7,sÃ¬,#['Rave','rave','Sapienza','musica','elettronica','universitÃ ','tragedia']
 Non si puo morire cosi con la 'scusa' della musica #Rave #party,"['puo', 'rave']","['cosi', 'scusa', 'musica', 'Rave', 'party']",1/3,3/3,sÃ¬,#['musica','Rave','party']
Adorabile Anne Hathaway ed incredibilmente #glamour  in #buccellatimilan  collezione #Opera,"['Anne Hathaway', 'buccellatimilan', 'opera']","['Adorabile Anne Hathaway', 'collezione', 'Opera']",2/3,2/3,no,#['glamour','Opera','Anne Hathaway']
La solitudine non Ã¨ malinconia. Un uomo solo Ã¨ sempre in buona compagnia. (Giorgio Gaber) #giorgiogaber #solitudine #natura #stradebianche #spiaggia #martirreno #arcipelagotoscano #toscana #slow #secondamarea #parole #instapoet #instapoetry #folk #poesia #poetry #cantautori #pop https://t.co/6QFnFkf9SQ,"['secondamarea', 'instapoetry', 'arcipelagotoscano', 'giorgiogaber', 'stradebianche', 'martirreno', 'instapoet', 'poetry', 'Giorgio Gaber', 'folk', 'pop']","['Giorgio Gaber', 'buona compagnia', 'pop https://t.co/6QFnFkf9SQ', 'solitudine', 'giorgiogaber', 'natura', 'stradebianche', 'spiaggia', 'martirreno', 'slow', 'parole', 'instapoet', 'instapoetry', 'poesia', 'poetry', 'cantautori', 'malinconia']",5/9,8/9,sÃ¬,#['Giorgio Gaber','giorgiogaber','solitudine','slow','folk','poesia','poetry','cantautori','pop']
Black Hole Sun Ã¨ una profezia,['Black Hole Sun'],"['Hole Sun', 'profezia']",3/3,2/3,sÃ¬,#['Black','Hole,'Sun']
L'origine della specie.  #soul #disco #downtempo #Fusion  Chi c'era sa.  https://t.co/PIObTEfO9C,"['Fusion', 'soul', 'disco', 'downtempo', 'fusion']","['origine della specie', 'soul', 'disco', 'downtempo', 'Fusion', 'https://t.co/PIObTEfO9C']",4/4,4/4,sÃ¬,#['soul','disco','downtempo,'Fusion']
#25giugno 2009 - A dieci anni dalla sua morte,['25giugno'],"['25giugno', 'morte']",1/2,1/2,no,#['25giugno','2009']
Animo rock #customized #denim #dettagli #minimal #modanomade #modaetica #modasostenibile #milano #igersmilano #remake #dipintoamano #messaggi #rock #sfashionist #solouno #personalizzato @ Interno BI https://t.co/PeOPZGt64R,"['modasostenibile', 'denim', 'modaetica', 'BI', 'Animo rock', 'dipintoamano', 'sfashionist', 'solouno', 'customized', 'modanomade', 'milano', 'igersmilano', 'rock', 'minimal', 'rock']","['Animo rock', 'Interno BI https://t.co/PeOPZGt64R', 'customized', 'denim', 'dettagli', 'milano', 'minimal', 'modaetica', 'igersmilano', 'remake', 'messaggi', 'sfashionist', 'solouno']",6/7,6/7,sÃ¬,#['Animo rock','minimal','remake','rock','BI','customized','denim']
Elisir d'amore al #teatrovalle di #Roma ğŸ¸ â¤ï¸ Vi aspettiamo domenica #30giugno ore 20!  #opera #ClassicalMusic #rome #donizetti #music https://t.co/VglWsKXCnc,"['ClassicalMusic', 'Classical', '30giugno', 'Elisir', 'music', 'teatrovalle', 'donizetti', 'rome', 'Music', 'opera']","[""Elisir d'amore"", '30giugno ore', 'opera', 'teatrovalle', 'Roma', 'ClassicalMusic', 'â¤ï¸', 'rome', 'domenica', 'donizetti', 'https://t.co/VglWsKXCnc']",8/10,7/10,sÃ¬,#['Elisir,'teatrovalle','Roma','30giugno','opera','ClassicalMusic','rome','donizetti','music','opera']
 #TgCaptions ULTRA hot? #trap    https://t.co/uubUsJlsYv,"['TgCaptions', 'Tg', 'hot', 'Captions', 'trap']","['trap    https://t.co/uubUsJlsYv', 'hot']",2/3,1/3,no,#['ULTRA','TgCaptions','trap']
#moogoftheday,['moogoftheday'],[],1/1,0/1,sÃ¬,#['moog']
Con We Love The 90s anche il lunedÃ¬ Ã¨ piÃ¹ estivo... Daturasu Mixcloudper l'episodio 184 del Cloudcast Ufficiale.  Powered by Absolut Joy e Papido Milano    #datura #daturayerba #mixcloud #wl90s #anni90 #oldschool #dance #90s #absolutjoy #papido... https://t.co/HpCTnxfYQp,"['We Love The 90s', 'wl90s', 'anni90', 'mixcloud', 'Cloudcast Ufficiale', 'Papido Milano', 'papido', 'Powered by Absolut Joy', 'absolutjoy', 'oldschool', 'Daturasu Mixcloudper', 'daturayerba', 'dance']","['by Absolut Joy', 'wl90s', 'anni90', 'We Love The 90s', '90s', 'Milano', 'datura', 'mixcloud', 'oldschool', 'episodio', 'dance', 'lunedÃ¬', 'absolutjoy', 'Ufficiale', 'papido', 'https://t.co/HpCTnxfYQp']",15/18,12/18,sÃ¬,#['We Love The 90s','estivo','Daturasu','Mixcloudper','Cloudcast','Absolut Joy','Papido','Milano','datura','daturayerba','mixcloud','wl90s','anni90','oldschool','dance','90s','absolutjoy','papido']
"ğŸ“£ Nuovo Podcast! ""Buongiorno e Buon VenerdÃ¬ con Chispa: ""Pa' que me escuches"" | Episodio 559 | Musica Cubana"" su  #buongiorno #cubana #jazz #musica #venerdi https://t.co/MPnSdp9vkq","['Chispa', ' | Episodio 559 | Musica Cubana', 'Buon VenerdÃ¬', 'Buongiorno e Buon VenerdÃ¬ con Chispa: ', 'Episodio', 'que', 'Pa', 'Buongiorno', 'venerdi', 'Musica Cubana', 'escuches', 'Podcast', 'jazz']","['Buon VenerdÃ¬', 'Musica Cubana', 'Nuovo Podcast', 'Buongiorno', 'Chispa', 'Pa', 'que', 'escuches', 'Episodio', 'jazz', 'musica', 'https://t.co/MPnSdp9vkq']",5/7,5/7,sÃ¬,#['Podcast','Chispa',' "Pa que me escuches" ','Musica Cubana','cubana','jazz','musica']
"ğŸ“£ Nuovo Podcast! ""A casa di Mura Masa"" su  #edm #elettronica #musica #musicaelettronica #sintetizzatori #trap https://t.co/2YK5xyB0iW","['Mura Masa', 'A casa di Mura Masa', 'Podcast', 'edm', 'musicaelettronica', 'trap']","['casa di Mura Masa', 'Nuovo Podcast', 'trap https://t.co/2YK5xyB0iW', 'edm', 'musica', 'musicaelettronica', 'sintetizzatori']",5/8,7/8,sÃ¬,#['Podcast',' ""A casa di Mura Masa"" ','edm','elettronica','musica','musicaelettronica','sintetizzatori','trap']
Inconfondibile,[],[],0/0,0/0,no,#[]
 Pinky hole UwU Exporemental pose #trap #gay #femboy https://t.co/nXtHBwCgxv,"['Pinky hole UwU Exporemental', 'femboy', 'trap']","['hole UwU', 'pose', 'trap', 'gay', 'https://t.co/nXtHBwCgxv']",5/5,2/5,no,#['Pinky','UwU','Exporemental','trap','femboy']
Midifile: Nuova Era im Stil von Jovanotti; Dardust #Midifile #pop #2010er https://t.co/zkrWSceuDs,"['Midifile', '2010er', 'Dardust', 'Era im Stil von Jovanotti', 'pop']","['Midifile', 'Nuova Era im Stil von Jovanotti', '2010er https://t.co/zkrWSceuDs', 'Dardust']",6/6,5/6,sÃ¬,#['Midifile','Era','Jovanotti','Dardust','Midifile','pop','2010er']
#house Stefano Tirelli https://t.co/I931PXfOLY,"['Stefano Tirelli', 'house']","['house Stefano', 'https://t.co/I931PXfOLY']",2/2,1/2,sÃ¬,#['house','Stefano Tirelli']
 Continuiamo a diploma re #topografi volanti #dronetopoprogram #catasto #topografia #pregeo #docfa #drone #dji #djispark #â€¦,"['docfa', 'pregeo', 'dji', 'dronetopoprogram', 'djispark', 'drone']","['diploma re', 'topografi volanti', 'dronetopoprogram', 'catasto', 'topografia', 'docfa', 'drone', 'dji', 'djispark']",6/9,8/9,no,#['topografi','dronetopoprogram','catasto','topografia','pregeo','docfa','drone','dji','djispark']
   Il Catanzaro Jazz Fest Ã¨ stato un successo tutto Vostro. Grazie â˜ºï¸  â€¦,"['Catanzaro Jazz Fest', 'Vostro', 'jazz']","['Catanzaro Jazz Fest', 'successo']",3/4,4/4,sÃ¬,#['Catanzaro','Jazz','Fest','successo']
Sotto la luna stasera Ci siamo solo  Io e te Sotto la luna stasera Muoio di voglia Di te  #riccardomaffoni #sottolaluna #cdfaccia #cantautore #rock #musicaitaliana   https://t.co/Px400leXnH,"['Muoio', 'Sotto', 'cdfaccia', 'sottolaluna', 'riccardomaffoni', 'musicaitaliana', 'Di', 'Ci', 'rock']","['luna', 'voglia', 'riccardomaffoni', 'sottolaluna', 'cantautore', 'https://t.co/Px400leXnH']",5/6,3/6,sÃ¬,#['riccardomaffoni','sottolaluna','cdfaccia','cantautore','rock','musicaitaliana']
Online i #biglietti per il Festival #Suonidal Golfo a Lerici dal #10agosto al #24agosto #Musica #Cinema #Opera sul palco giovani talenti e #superstar della scena artistica mondiale. Scopri il #calendario e acquista su #OOOHEvents https://t.co/b8Dxjx6V9D #estate2019 #summer2019 https://t.co/sbRKJT7qjD,"['24agosto', '10agosto', 'OOOHEvents', 'Suonidal Golfo a Lerici', 'Festival', 'opera']","['10agosto', 'palco giovani', '24agosto', 'biglietti', 'Festival', 'Golfo', 'Lerici', 'superstar della scena artistica mondiale', 'Musica', 'Cinema', 'Opera', 'calendario', 'talenti', 'https://t.co/b8Dxjx6V9D', 'https://t.co/sbRKJT7qjD']",,,,
Una serata dâ€™estate. Country ma chic.   #lacastella #vivincastella #matrimonio #wedding #weddingideas #monferrato #lovemonferrato #shabbychic #country #countrychic #incastellawithlove #sposa #sposo #sposarsiâ€¦ https://t.co/FjTcovVjsd,"['Country', 'monferrato', 'lacastella', 'incastellawithlove', 'weddingideas', 'wedding', 'lovemonferrato', 'vivincastella', 'countrychic', 'shabbychic', 'dâ€™estate', 'country', 'country']","['serata dâ€™estate', 'matrimonio', 'wedding', 'weddingideas', 'Country', 'monferrato', 'lovemonferrato', 'sposa', 'sposo', 'https://t.co/FjTcovVjsd']",,,,
Una vita in teatro tra luci,[],"['teatro', 'luci']",,,,
"immagino che al #rave della #Sapienza la ""libera offerta"" per ""aiutare chi fa politica"" si fosse potuta fare con POS","['POS', 'libera offerta', 'aiutare chi fa politica', 'rave']","['libera offerta', 'rave', 'Sapienza', 'POS']",,,,
#Musicainfestival: tre giorni di #Jazz a #Locorotondo | https://t.co/weMbW47msT | #weareinpuglia #FabrizioBosso #MirkoSignorile https://t.co/Pw2ZbMgKjM,"['Musicainfestival', 'Jazz', 'jazz']","['Musicainfestival', 'Jazz', 'Locorotondo', 'https://t.co/weMbW47msT', 'weareinpuglia', 'https://t.co/Pw2ZbMgKjM']",,,,
 Ma  perchÃ© non cercate  significato di  parola #rave che giornalisti siete?,['rave'],"['parola', 'rave', 'giornalisti']",,,,
Per iniziativa de ,[],['iniziativa'],,,,
#nowplaying #deephouse #housemusic #deep house  Ascari (Original Mix) - Mex https://t.co/3cHF415u4h,"['deep', 'nowplaying', 'house Ascari', 'Mex', 'housemusic', 'Original Mix', 'deephouse', 'deep house']","['deep house  Ascari', 'Original Mix', 'Mex https://t.co/3cHF415u4h', 'nowplaying', 'deephouse', 'housemusic']",,,,
Auguri a  23inico come mee anche a  che 20 anni fa da esperimento fra amici diventava il WWWorld Apart piÃ¹ amato dell'internet #disegnigrassilli #clarenceportale #clarenceobody #awwworldapart #neweconomy #dotcom #nettobe #cartoon #sketch #box #garage https://t.co/25OC7Lh2jK,"['Auguri a 23inico', 'clarenceportale', 'cartoon', 'nettobe', 'neweconomy', 'disegnigrassilli', 'dell', 'mee', 'WWWorld Apart', 'awwworldapart', 'clarenceobody', 'dotcom', 'garage']","['23inico', 'Auguri', 'garage https://t.co/25OC7Lh2jK', 'mee', 'esperimento', 'amici', 'WWWorld', 'internet', 'disegnigrassilli', 'clarenceobody', 'awwworldapart', 'neweconomy', 'dotcom', 'nettobe', 'cartoon', 'sketch', 'box']",,,,
#Musica - Il #27Giugno 1973 viene rilasciato dagli #Aerosmith il singolo #DreamOn,"['27Giugno', 'Aerosmith', 'Dream', 'DreamOn']","['27Giugno', 'Musica', 'singolo']",,,,
Anche la sosta prolungata dell'auto,['dell'],"['sosta', 'auto']",,,,
Se questo Ã¨ un #rave - DINAMOpress https://t.co/TO5l0BxgAs,"['DINAMOpress', 'rave']","['rave', 'https://t.co/TO5l0BxgAs']",,,,
Il mio sguardo ha una direzione ben precisa!  #beautiful #beauty #cute #instagrammer #music #jordanera #fashion #glam #hair #heels #instagood #casualstyle #sardinia #me #model #instagood #outfit #photoofthedayâ€¦ https://t.co/DjV1SHPWan,"['hair', 'sardinia', 'casualstyle', 'outfit', 'instagrammer', 'music', 'photooftheday', 'beauty', 'instagood', 'jordanera', 'beautiful', 'heels', 'glam']","['beautiful', 'beauty', 'cute', 'instagrammer', 'music', 'instagood', 'jordanera', 'fashion', 'glam', 'hair', 'heels', 'casualstyle', 'sguardo', 'sardinia', 'model', 'outfit', 'direzione', 'photooftheday', 'https://t.co/DjV1SHPWan']",,,,
Scuinox - Reborn Rejuvenated #artist #electronic #electronicmusic #edm #producer #newmusic #music #summer #summer2019 #beats #instrumental #art #3dart #gold #dubstep #idk #cool #awesome #hashtag https://t.co/7iZZyvMn98,"['3dart', 'summer2019', 'summer', 'Reborn Rejuvenated', 'gold', 'awesome', 'hashtag', 'electronicmusic', 'Scuinox', 'music', 'newmusic', 'edm', 'cool', 'producer', 'idk', 'beats', 'artist', 'electronic', 'instrumental', 'dubstep']","['3dart', 'Scuinox', 'Rejuvenated', 'artist', 'electronic', 'electronicmusic', 'edm', 'producer', 'newmusic', 'music', 'summer', 'beats', 'instrumental', 'art', 'gold', 'dubstep', 'idk', 'https://t.co/7iZZyvMn98']",,,,
Abbiamo provato per te la nuova Yamaha MODX8 - Acquistabile sul nostro sito in descrizione   #yamaha #piano #key #keyboard #keyboards #synth #synths #beautiful #sound #amazing #presets #preset #stand #play #music #musica #synthwave #retro https://t.co/AKwjeS7AXW,"['keyboard', 'key', 'yamaha', 'synth', 'preset', 'music', 'presets', 'synths', 'Yamaha MODX8', 'Acquistabile', 'beautiful', 'keyboards', 'amazing', 'synthwave']","['MODX8', 'nuova', 'sito', 'descrizione', 'yamaha', 'piano', 'key', 'keyboard', 'keyboards', 'synth', 'synths', 'beautiful', 'sound', 'amazing', 'presets', 'preset', 'stand', 'play', 'music', 'musica', 'https://t.co/AKwjeS7AXW']",,,,
Panorama domenicale... Non mi piace proprio star fermo. . . #blue #sky #water #statue #sea #tourism #azure #vacation #horizon #summer #ocean #monument #rock #leisure #travel #sculpture #coast #beach #cloud #art #funâ€¦ https://t.co/Y8IT6aGvrc,"['monument', 'ocean', 'cloud', 'vacation', 'Panorama', 'horizon', 'leisure', 'tourism', 'fun', 'coast', 'sky', 'azure', 'sea', 'travel', 'sculpture', 'beach', 'summer', 'rock']","['blue', 'Panorama domenicale', 'star fermo', 'sky', 'water', 'statue', 'sea', 'tourism', 'azure', 'vacation', 'horizon', 'summer', 'ocean', 'monument', 'leisure', 'travel', 'sculpture', 'coast', 'beach', 'cloud', 'art', 'fun', 'https://t.co/Y8IT6aGvrc']",,,,
 Il nuovo #IBM #Garage di Milano apre le porte verso lâ€™innovazione esponenziale con #Cloud e #AI https://t.co/Nn3pqpHGBU #Thiâ€¦,"['IBM', 'Milano', 'Cloud', 'lâ€™innovazione', 'garage']","['Garage di Milano', 'innovazione esponenziale', 'IBM', 'porte', 'Cloud', 'https://t.co/Nn3pqpHGBU', 'Thi']",,,,
Il #Wolfsburg ha preso Xaver #Schlager dal #Salisburgo per 12 milioni di euro ğŸ’°  Centrocampista protagonista con lâ€™#Austria ğŸ‡¦ğŸ‡¹ U21 - farÃ  il suo approdo in #Bundesliga ğŸ‡©ğŸ‡ª  (),"['Wolfsburg', 'lâ€™#Austria', 'Bundesliga', 'Schlager', 'Xaver', 'U21', 'Centrocampista', 'schlager']","['Centrocampista protagonista', 'Austria ğŸ‡¦ğŸ‡¹ U21', 'Wolfsburg', 'euro', 'approdo', 'ğŸ‡©ğŸ‡ª']",,,,
House of Esports invade DMAX con una nuova puntata che porta gli eSport in TV -  #House #Esports #invade #nuova  https://t.co/1R1WethrMf,"['eSport in TV', 'DMAX', 'House of Esports', 'house', 'house']","['House of', 'nuova  https://t.co/1R1WethrMf', 'eSport', 'DMAX', 'House', 'TV', 'Esports']",,,,
"Ottavo cortometraggio della sezione ""Commedia in corto"" Ã¨ ""Pepitas"" di Alessandro Sampaoli.  #SaFiTer #SaFiTer2019 #pugliaontheroad #salentofinibusterrae #italy #italiancinema #short #shortfilm #shortmovie #cinema #cinemagraph #cinemaday #pepitas #comedy #commedia https://t.co/MaLzYlFugt","['SaFiTer', 'Alessandro Sampaoli', 'SaFiTer2019', 'Pepitas', 'Commedia in corto', 'cinemagraph', 'italy', 'Commedia', 'pugliaontheroad', 'short', 'pepitas', 'shortfilm', 'Ter', 'shortmovie', 'Pepitas', 'cinemaday', 'salentofinibusterrae', 'italiancinema', 'Fi', 'comedy']","['Ottavo cortometraggio della sezione', 'SaFiTer', 'Alessandro Sampaoli', 'commedia https://t.co/MaLzYlFugt', 'pugliaontheroad', 'italy', 'italiancinema', 'short', 'shortfilm', 'shortmovie', 'cinema', 'Commedia', 'Pepitas', 'cinemagraph', 'cinemaday', 'comedy']",,,,
.: Via dei Bardi.    #vedere #sorella #calcio #fumava #finestra in #musica #citazioni #frasi #bassafedeltaonair #indieitalia #indie #italia #alternative #rock #indiepop #firenze #toscana #viadeibardi https://t.co/IGVLptDO0h https://t.co/7YTsglU3H5,"['Bardi', 'Via', 'indieitalia', 'bassafedeltaonair', 'viadeibardi', 'indiepop', 'firenze', 'italia', 'indie', 'rock']","['Via dei Bardi', 'sorella', 'calcio', 'finestra', 'musica', 'citazioni', 'frasi', 'indieitalia', 'italia', 'indiepop', 'firenze', 'https://t.co/IGVLptDO0h']",,,,
 Bellezza allo stato puro #Amazing #opera #ballet  https://t.co/Ni5Ls5EdPZ,"['Amazing', 'ballet', 'Bellezza', 'opera']","['stato puro', 'Bellezza', 'Amazing', 'opera', 'https://t.co/Ni5Ls5EdPZ']",,,,
10 anni senza Michael.. Le parole di Marco â¤ï¸ . . #marcomengoni #michaeljackson #missyou #mengoni #music #pop,"['Marco', 'missyou', 'Michael', 'music', 'mengoni', 'michaeljackson', 'marcomengoni', 'pop']","['parole di Marco â¤ï¸', 'marcomengoni', 'michaeljackson', 'missyou', 'mengoni', 'music', 'Michael']",,,,
 Muore per entrare al #rave alla Sapienza: si indaga per omicidio colposo #ANSA https://t.co/oDfmjRUPtb,"['Sapienza', 'rave']","['omicidio colposo', 'ANSA https://t.co/oDfmjRUPtb', 'rave', 'Sapienza']",,,,
 E C C O #vaporwave https://t.co/uNw3K7bWgZ,"['C', 'vaporwave']","['C C', 'https://t.co/uNw3K7bWgZ']",,,,
#ArezzoNotizie: Il #Tango,"['ArezzoNotizie', 'tango']","['ArezzoNotizie', 'Tango']",,,,
   Papete?(Figo!!!!)  Giusto!!che sbadato!!! Loro facevano gli incontri di  #Notte per decidere il futuro del #CSM Ma Non era Meglio andare In #Disco? ğŸ¤£ğŸ¤£ğŸ¤£ğŸ¤£ğŸ¤£ğŸ¤£,"['CSM Ma Non', 'Meglio', 'Figo', 'Papete?(Figo', 'Giusto!!che', 'In', 'Giusto', 'Papete', 'disco']","['\U0001f923\U0001f923\U0001f923\U0001f923\U0001f923\U0001f923', 'incontri', 'Notte', 'Giusto', 'CSM', 'Figo', 'sbadato', 'Disco']",,,,
 #Calciomercato | Occhi in #SerieC (e non solo) per l'#Hermannstadt,"['Hermannstadt', 'SerieC', ""l'#Hermannstadt"", 'Occhi']","['Calciomercato', 'Occhi', 'SerieC']",,,,
Tanti affetti #ladonnadellago #rossini #metropolitan #joycedidonato #mezzosoprano #mezzo #opera en The Metropolitan Opera https://t.co/5gfnppaDf4,"['metropolitan', 'en The Metropolitan Opera', 'joycedidonato', 'ladonnadellago', 'opera', 'opera']","['opera en The', 'Opera https://t.co/5gfnppaDf4', 'rossini', 'metropolitan', 'joycedidonato', 'mezzosoprano']",,,,
Ascoltatelo #23giugno #dubstep #FreddieMercury #FrecceTricolori #Parole merita,"['FreddieMercury', '23giugno', 'Freddie', 'FrecceTricolori', 'Mercury', 'dubstep']","['23giugno', 'dubstep', 'FreddieMercury', 'Parole']",,,,
 #SiriağŸ‡¸ğŸ‡¾ Esercito #siriano abbatte e disinnesca un #drone armato di esplosivo lanciato dai gruppi terroristici sull'aeropoâ€¦,"['sull', ""sull'aeropo"", 'Esercito', 'drone']","['gruppi terroristici', 'Siria', 'Esercito', 'drone', 'esplosivo', 'aeropo']",,,,
Pattino Dance: hai giÃ  provato il nuovo #ballo dell'Estate? ğŸ¤£ #estate2019 #Dance #TRASH  ğŸ–ï¸ #dltviaggi https://t.co/8pj8GQgEZy,"['estate2019', 'TRASH', 'dell', 'Pattino Dance', 'dltviaggi', 'Estate', 'dance', 'dance']","['Pattino Dance', 'TRASH  ğŸ–ï¸', ""ballo dell'Estate"", 'https://t.co/8pj8GQgEZy']",,,,
ON LINE IL PODCAST DI NICE TIME #3  buona musica #reggae intervista a  ASCOLTALA https://t.co/Ve4AM4KKkj,"['NICE TIME', 'LINE', 'PODCAST', 'reggae']","['ON LINE', 'buona musica', 'PODCAST DI NICE TIME', 'intervista', 'https://t.co/Ve4AM4KKkj']",,,,
Raga cerco consigli su dove andare a ballare a Riccione/Rimini,"['Riccione/Rimini', 'Riccione', 'Raga', 'RiccioneRimini']","['Raga', 'Riccione', 'Rimini']",,,,
Grazie a Radio  per la programmazione!!   #pop #rock #instagood #bumpin #beat #music #musica #goodmusic #bestsong https://t.co/MARSXdEn60,"['bestsong', 'bumpin', 'music', 'Grazie a Radio', 'instagood', 'goodmusic', 'pop', 'rock']","['instagood', 'Grazie', 'bumpin', 'music', 'musica', 'goodmusic', 'programmazione', 'https://t.co/MARSXdEn60']",,,,
SENZA TREGUA  #Rave  #psychedelic https://t.co/8dQpUF6at2,"['TREGUA', 'rave', 'psychedelic']","['TREGUA', 'Rave', 'https://t.co/8dQpUF6at2']",,,,
#ClubSandwich: #ricetta originale #americana #ingredienti freschi e come fare gli strati,"['ClubSandwich', 'americana']","['ricetta originale', 'ingredienti freschi', 'ClubSandwich', 'strati']",,,,
La Pareja Del Momento - Silvestre Dangond | #Video #Vallenato https://t.co/z4pk9Qqu5J,"['Vallenato', 'Pareja Del Momento', 'Dangond', 'vallenato']","['Pareja Del Momento', 'https://t.co/z4pk9Qqu5J']",,,,
Che sant'uomo. Io domani volevo mettere una bomba a S.Pietro durante l'angelus del papa per vendicare il #crocifisso del . Poi ci ho ripensato,"['S', 'Pietro', 'sant']","['S.Pietro', 'angelus del papa', ""sant'uomo"", 'bomba', 'crocifisso']",,,,
Codice Sconto - #Drone #Xiaomi Ecosystem #Fimi X8 SE 5KM FPV 4K a 358â‚¬ garanzia 2 anni Europa e spedizione prioritaria Inclusa #Xiaomi #Droni #Offerta #Offerte â„¹ï¸ Info qui https://t.co/GukgDX3cz2 ğŸ· Tagga una persona interessata ğŸ’¬ Dai la tua opinione nei commenti https://t.co/gU8MuQi2Ip,"['Droni', 'Xiaomi Ecosystem', 'Drone', '5KM FPV 4K', 'Codice Sconto', 'X8', 'Inclusa', 'Europa', 'â„¹', 'Info', 'drone']","['5KM FPV 4K', 'Fimi X8', 'spedizione prioritaria Inclusa', 'persona interessata', 'anni Europa', 'Codice', 'commenti https://t.co/gU8MuQi2Ip', 'Offerta', 'Drone', 'Ecosystem', 'garanzia', 'Info', 'Offerte', 'https://t.co/GukgDX3cz2', 'ğŸ’¬', 'opinione']",,,,
Â«Senza  #AlanLomax forse  non ci  sarebbe  stata  lâ€™esplosione  del  #blues,"['AlanLomax', 'Alan', 'Lomax', 'lâ€™esplosione', 'blues']","['esplosione', 'blues']",,,,
 #SOUL - Stefano Zamagni ospite di  https://t.co/e2BHlPS8dY di ,"['SOUL', 'Stefano Zamagni', 'soul']","['ospite di  https://t.co/e2BHlPS8dY', 'SOUL', 'Stefano']",,,,
Pineapple - Ty Dolla Sign ft Gucci Mane &amp; Quavo #Radio #Music #Live #NP #HipHop #Pop #Rap https://t.co/mVujHDtFm1,"['Live', 'HipHop', 'Rap', 'Hip', 'NP', 'Music', 'amp', 'Quavo', 'Pineapple', 'Hop', 'Ty Dolla Sign ft Gucci Mane', 'pop']","['Ty Dolla Sign ft', 'Rap https://t.co/mVujHDtFm1', 'Mane', 'amp', 'Music', 'Live', 'NP', 'HipHop']",,,,
Ma gli opposti si attraggono.... #musica #rai #spettacolo #radioitalia #mediaset #rock #pop #madonna #ladygaga #italia #24giugno,"['24giugno', 'ladygaga', 'mediaset', 'radioitalia', 'rai', 'italia', 'rock', 'pop']","['musica', '24giugno', 'rai', 'spettacolo', 'radioitalia', 'mediaset', 'opposti', 'madonna', 'ladygaga', 'italia']",,,,
Benvenuti â¤ï¸ #instalife #beauty #cute #instagrammer #music #jordanera #fashion #glam #hair #heels #instagood #tshirt #sardinia #instadaily #model #instagood #outfit #photooftheday #pretty #shopping #styleâ€¦ https://t.co/umTWM1w1XJ,"['hair', 'pretty', 'sardinia', 'outfit', 'photooftheday', 'instalife', 'jordanera', 'style', 'tshirt', 'instagrammer', 'music', 'beauty', 'instagood', 'instadaily', 'heels', 'glam']","['instalife', 'instagood', 'beauty', 'cute', 'instagrammer', 'music', 'jordanera', 'fashion', 'glam', 'hair', 'heels', 'tshirt', 'sardinia', 'instadaily', 'model', 'outfit', 'photooftheday', 'pretty', 'shopping', 'style', 'https://t.co/umTWM1w1XJ']",,,,
#Scommesse,[],['Scommesse'],,,,
Quando lâ€™eleganza Ã¨ di casa ğŸ¡  Sudore e prove... la vera essenza del #rock ğŸ¤˜ğŸ» Ci vediamo sabato ad Arezzo ospiti del sullerive.ponteburiano Festival ğŸš€ #live  #veramadre #emcode https://t.co/IUSElas8os,"['Arezzo', 'sullerive', 'live', 'ponteburiano Festival', 'Sudore', 'veramadre', 'lâ€™eleganza', 'emcode', 'rock']","['vera essenza', 'rock ğŸ¤˜ğŸ»', 'Festival ğŸš€', 'eleganza', 'sabato', 'Arezzo', 'sullerive', 'live', 'Sudore', 'veramadre', 'prove', 'https://t.co/IUSElas8os']",,,,
 NO CAP,['CAP'],[],,,,
 A me il blues mi rilassa... forse un poâ€™ troppo.,['blues'],"['poâ€™ troppo', 'blues']",,,,
PoichÃ©,[],[],0/0,0/0,no,# []
âš« #Roma,[],['Roma'],0/1,â€œ1/1â€,no,# [â€˜Romaâ€™]
" Fuori venerdi 28!!! ""CARIBE"" ğŸ”¥ ğŸ”¥ ğŸ”¥  â–ªï¸â–ªï¸â–ªï¸ #new #single #dance #edm #caribe #caribbean #fire #cover #coverart #â€¦","['CARIBE', 'caribbean', 'venerdi', 'caribe', 'CARIBE', 'new', 'edm', 'cover', 'fire', 'coverart', 'dance']","['CARIBE', 'ğŸ”¥', 'single', 'dance', 'edm', 'caribbean', 'fire', 'cover', 'venerdi', 'coverart']",â€œ3/3â€,â€œ3/3â€,sÃ¬,"# [â€˜Caribeâ€™, â€˜danceâ€™ â€˜carribeanâ€™]"
â€œ#Rotary #Clubâ€ #CirÃ² organizza giornata della #prevenzione #cardiovascolare https://t.co/jPSME6dSQB https://t.co/IMZJqCB0GA,"['Rotary', 'Cir', 'Ã²', 'club']","['cardiovascolare https://t.co/jPSME6dSQB https://t.co/IMZJqCB0GA', 'Rotary', 'Club', 'CirÃ²', 'giornata', 'prevenzione']",â€œ0/2â€,â€œ2/2â€,no,"# [â€˜Rotaryâ€™, â€˜CirÃ²â€™]"
Sapienza,['Sapienza'],['Sapienza'],â€œ1/1â€,â€œ1/1â€,no,# [â€˜Sapienzaâ€™]
Beppe il cielo Ã¨ azzurro sopra Berlino! #BuonCompleannoZÃ¬PÃ¨ geeperp #Berlin #friends #happybirthday #campionidelmondo #sunnyday #hangover #chebello #berliner #turistipercaso #rave #bday #fetedelamusiqueâ€¦ https://t.co/067cauCNxr,"['Berlin', 'BuonCompleannoZÃ¬PÃ¨ geeperp', 'fetedelamusique', 'bday', 'friends', 'turistipercaso', 'Berlino', 'chebello', 'hangover', 'ZÃ¬PÃ¨', 'berliner', 'sunnyday', 'happybirthday', 'campionidelmondo', 'Beppe', 'rave']","['geeperp', 'Berlin', 'friends', 'happybirthday', 'campionidelmondo', 'sunnyday', 'hangover', 'cielo', 'chebello', 'berliner', 'turistipercaso', 'rave', 'bday', 'Berlino', 'https://t.co/067cauCNxr']",â€œ3/3â€,â€œ2/3â€,sÃ¬,"# [â€˜Beppeâ€™, â€˜Berlinoâ€™, â€˜raveâ€™]"
#Rave Sapienza,"['Sapienza', 'rave']",['Rave Sapienza'],â€œ2/2â€,â€œ0/2â€,no,"# [â€˜Raveâ€™, â€˜Sapienzaâ€™]"
** #Jazz in #Vigna: #Musica,"['Jazz', 'jazz']","['Jazz', 'Vigna', 'Musica']",â€œ1/1â€,â€œ1/1â€,sÃ¬,# [â€˜Jazzâ€™]
La cova del Cintet... stone and cycle! #stone #pedra #roca #rock #mtblife #mtb #mtbiking #mtbaker #cyclinglife #cycle #cyclelife #bicycle #bicicleta #bici #l'albi #lesgarrigues #bnw #bw #naturephotography #naturelight #naturaleza #nature #natura https://t.co/0N7vXkgZsj,"['lesgarrigues', 'mtb', 'Cintet', 'bicycle', 'stone and cycle', 'pedra', 'cyclelife', 'mtblife', 'naturelight', 'naturaleza', 'mtbaker', 'bicicleta', 'bw', 'naturephotography', 'cyclinglife', 'mtbiking', 'bnw', 'rock']","['stone and', 'cova del Cintet', 'natura https://t.co/0N7vXkgZsj', 'stone', 'pedra', 'mtblife', 'mtb', 'mtbiking', 'cycle', 'mtbaker', 'cyclinglife', 'cyclelife', 'bicycle', 'bicicleta', 'bici', 'albi', 'lesgarrigues', 'bnw', 'bw', 'naturephotography', 'naturelight', 'nature', 'naturaleza']",â€œ4/4â€,â€œ1/4â€,sÃ¬,"# [â€˜Cintetâ€™, â€˜stone and cycleâ€™, â€˜pedraâ€™, â€˜rockâ€™]"
"#Americana: approfondimenti letterari su autori americani del Novecento. ğŸ“ŒDomani 25 giugno alle 19:00 presso la BiblioteCaNova Isolotto (): ğŸ“š""Poeti americani"" Info: https://t.co/y0izpLquST https://t.co/IKVaGAmLDa","['BiblioteCaNova Isolotto', 'Poeti americani', 'Info', 'Novecento', '19:00', 'americana']","['autori americani', 'BiblioteCaNova Isolotto', 'Poeti americani', 'approfondimenti letterari', 'ğŸ“Œ', 'https://t.co/y0izpLquST https://t.co/IKVaGAmLDa', 'giugno', 'ğŸ“š', 'Info']",â€œ1/1â€,â€œ1/1â€,no,# [â€˜BiblioteCaNova Isolottoâ€™]
comunque la #Nottebianca alla #Sapienza non era un #Rave. Basta #giornalismo #copiaincolla   piÃ¹ #factcheking meno servilismo e titoloni,"['Nottebianca', 'factcheking', 'copiaincolla', 'rave']","['Nottebianca', 'giornalismo', 'factcheking', 'Sapienza', 'servilismo', 'Rave', 'titoloni']",â€œ1/2â€,â€œ2/2â€,no,"# [â€˜Raveâ€™, â€˜Sapienzaâ€™]"
#NowPlaying on #CacoteoRadio #Reggaeton Baby Rasta &amp;amp; Gringo Ft. Cosculluela - https://t.co/Wvn56oxvbo,"['NowPlaying', 'Cacoteo', 'Now', 'Reggaeton Baby Rasta', 'CacoteoRadio', 'amp', 'Playing', 'Cosculluela', 'amp;amp', 'Gringo Ft', 'reggaeton']","['NowPlaying on', 'Reggaeton Baby', 'CacoteoRadio', 'amp', 'Rasta', 'Gringo', 'Cosculluela', 'https://t.co/Wvn56oxvbo']",â€œ3/4â€,â€œ3/3â€,sÃ¬,"# [â€˜CacoteoRadioâ€™, â€˜Reggaetonâ€™, â€˜Gringoâ€™, â€˜Cosculluelaâ€™]"
Alberto Baldan Bembo - Green Sea. Album: Â¨Lingua D'ArgentoÂ¨ (1976)   #Jazz  #Bossanova     #LoungeğŸ¸   Filmscore #NowPlaying on  Cocktail Mix 2 https://t.co/NcM4Wf2CZ2 https://t.co/OC71I3Qoxf,"['NowPlaying', 'Jazz', 'Bossanova', 'Lounge', 'Now', 'Cocktail Mix', 'D', 'Playing', 'Green Sea', 'Alberto Baldan Bembo', 'Album', 'Filmscore', 'Argento', 'jazz', 'lounge']","[""Lingua D'Argento"", 'Green Sea', 'https://t.co/NcM4Wf2CZ2 https://t.co/OC71I3Qoxf', 'Album', 'NowPlaying on  Cocktail Mix', 'Alberto', 'Jazz', 'Bossanova', 'Filmscore', 'Bembo']",â€œ6/7â€,â€œ4/7â€,sÃ¬,"# [â€˜Alberto Baldan Bemboâ€™, â€˜Green Seaâ€™, â€˜Lingua D'Argentoâ€™, â€˜Jazzâ€™, â€™Bossanovaâ€™, â€˜Lounge, â€˜Cocktail Mix 2â€™]"
Ecco perchÃ©  Ã¨ #Rock https://t.co/Y3xRUuUZar,"['Rock', 'rock']",['Rock https://t.co/Y3xRUuUZar'],â€œ1/1â€,â€œ0/1â€,sÃ¬,# [â€˜Rockâ€™]
 ğŸ”´Nuovo SponsorğŸ”´ Rogue Energy: La Bevanda Dei VideoGiocatori Codice Sconto: âœ”ï¸S1Teamâœ”ï¸ #fortnite #esports #victory #kill #fortnitenews #S1RC #dance #sniper #epicgames #italy #fortniteitaly #magliette #design #italy #montage #swaga #supporâ€¦ https://t.co/Et6Jg3m83O,"['S1RC', 'Bevanda Dei VideoGiocatori Codice Sconto', 'montage', 'italy', 'fortnite', 'kill', 'victory', 'fortniteitaly', 'S1Team', 'Rogue Energy', 'swaga', 'esports', 'sniper', 'Sponsor', 'fortnitenews', 'epicgames', 'dance']","['ğŸ”´Nuovo Sponsor', 'âœ”ï¸S1Teamâœ”ï¸', 'Bevanda Dei VideoGiocatori Codice Sconto', 'Rogue Energy', 'S1RC', 'fortnite', 'esports', 'victory', 'italy', 'kill', 'fortnitenews', 'dance', 'sniper', 'epicgames', 'fortniteitaly', 'magliette', 'design', 'montage', 'swaga', 'suppor', 'https://t.co/Et6Jg3m83O']",â€œ4/4â€,â€œ4/4â€,no,"# [â€˜Rogue Energyâ€™, â€˜fortnite, â€˜esportsâ€™, â€˜danceâ€™]"
"""Abbiamo bisogno di interpreti e modelli culturali",[],['bisogno di interpreti'],â€œ0/0â€,â€œ0/0â€,no,# []
Intervista esclusiva a GODOT. su #MusicLike  #musica #intervista #Godot #Folk #talent #indie #pop #music  https://t.co/158fPlHhUX,"['MusicLike', 'GODOT', 'Music', 'Folk', 'Godot', 'talent', 'Like', 'music', 'Intervista', 'folk', 'indie', 'pop']","['Intervista esclusiva', 'MusicLike', 'musica', 'GODOT', 'intervista', 'talent', 'https://t.co/158fPlHhUX']",â€œ5/5â€,â€œ2/5â€,sÃ¬,"# [â€˜GODOTâ€™, â€˜MusicLikeâ€™, â€˜Folkâ€™, â€˜indieâ€™, â€˜popâ€™]"
Un plauso alla #Rai per aver scelto di trasmettere in #direttamondiale #LaTraviata nella versione pensata da #FrancoZeffirelli per l'#Arena di #Verona. #tv #televisione #evento #cultura #GiuseppeVerdi #opera #operalirica #musica https://t.co/o8LH6TSTX0,"['GiuseppeVerdi', 'FrancoZeffirelli', 'Rai', 'LaTraviata', ""l'#Arena"", 'tv', 'operalirica', 'direttamondiale', 'Zeffirelli', 'opera']","['plauso', 'musica https://t.co/o8LH6TSTX0', 'tv', 'Rai', 'televisione', 'LaTraviata', 'versione', 'evento', 'FrancoZeffirelli', 'cultura', 'Arena', 'opera', 'Verona']",â€œ5/6â€,â€œ4/6â€,sÃ¬,"# [â€˜Raiâ€™, â€˜La Traviataâ€™, â€˜Franco Zeffirelliâ€™, â€˜Arena di Veronaâ€™, â€˜Giuseppe Verdiâ€™, â€˜operaâ€™]"
~ Day 7 ~  Il segreto della felicitÃ  non Ã¨ nellâ€™ accumulare,"['Day', 'nell']","['Day', 'segreto della felicitÃ ']",â€œ0/0â€,â€œ0/0â€,no,# []
"#Jammin' Lara George () - O Ti Se #AfroBeat #CosoroRadio  Listen on https://t.co/SJfcx4UFmu &amp; https://t.co/SDfXZ6y0xW | Download ""Cosoro Radio"" App","['Afro', 'Cosoro', 'AfroBeat', 'Jammin', 'Ti Se', 'CosoroRadio Listen', 'Lara George', 'afrobeat']","['Lara George', 'Listen on', 'https://t.co/SJfcx4UFmu', 'amp', 'https://t.co/SDfXZ6y0xW', 'Download', 'Cosoro', 'App']",â€œ1/4â€,â€œ0/4â€,sÃ¬,"# [â€˜Jammin Lara Georgeâ€™, â€˜O Ti Seâ€™, â€˜AfroBeatâ€™, â€˜Cosoro Radioâ€™]"
" La settimana numero #73 di ""Jazz. Un disco al giorno"" si apre","['Jazz. Un disco al giorno', 'Jazz', 'jazz', 'disco']","['settimana numero', 'disco', 'Jazz']",â€œ1/1â€,â€œ1/1â€,sÃ¬,# [Jazz]
#Onair with  Franco Motta - Ahi Vengo #Electro #House https://t.co/Eer6cSGnnR,"['Electro', 'House', 'Vengo', 'Onair with Franco Motta', 'electro', 'house']","['Onair with  Franco', 'House https://t.co/Eer6cSGnnR', 'Motta', 'Electro']",â€œ2/4â€,â€œ1/4â€,sÃ¬,"# [â€˜Franco Mottaâ€™, â€˜Ahi Vengoâ€™, â€˜Electroâ€™, â€˜Houseâ€™]"
#FarÃ  #tappa a #Napoli lo â€œ#Svoltiamo #Insieme #Club in #Tourâ€,"['Ã ', 'club']","['tappa', 'Napoli', 'Club', 'Tour']",â€œ0/4â€,â€œ1/4â€,no,# [â€˜Napoliâ€™]
#video #promo #memory #sexnviolence #facebook #senviolencemetal #youtube #sexnviolencemetalchannel #punk #metal #sex #violence #death #thrash #black #dark #horror #vampire @ Savona,"['dark', 'thrash', 'black', 'facebook', 'death', 'sexnviolence', 'violence', 'sexnviolencemetalchannel', 'Savona', 'memory', 'senviolencemetal', 'youtube', 'punk', 'metal']","['promo', 'memory', 'sexnviolence', 'facebook', 'senviolencemetal', 'youtube', 'sexnviolencemetalchannel', 'metal', 'violence', 'death', 'thrash', 'black', 'dark', 'horror', 'vampire', 'Savona']",â€œ8/8â€,â€œ7/8â€,sÃ¬,"# [â€˜facebookâ€™, â€˜youtubeâ€™, â€˜punkâ€™, â€˜metalâ€™, â€˜deathâ€™, â€˜thrashâ€™, â€˜blackâ€™, â€˜Savonaâ€™]"
Ho scritto questa canzone per e con dariovay  Speriamo ci piaccia come Ã¨ piaciuto a noi produrla negli studi della nostra theboringlabel  La trovate su tutti gli Store e YouTube! ğŸ˜ğŸ‘  #new #newrelease #pop #popmusicâ€¦ https://t.co/ZWOHQrkKPU,"['Store', 'dariovay', 'newrelease', 'new', 'YouTube', 'popmusic', 'theboringlabel', 'pop']","['ğŸ˜ğŸ‘', 'canzone', 'dariovay', 'studi', 'trovate', 'newrelease', 'Store', 'popmusic', 'YouTube', 'https://t.co/ZWOHQrkKPU']",â€œ4/4â€,â€œ1/4â€,sÃ¬,"# [â€˜dariovayâ€™, â€˜theboringlabelâ€™, â€˜YouTubeâ€™, â€˜popâ€™]"
Sono tornate le #rondini in garage #swallows #garage #nest  #birds #summer @ Rome,"['birds', 'nest', 'swallows', 'summer', 'Rome', 'garage', 'garage']","['garage', 'rondini', 'swallows', 'nest', 'birds', 'summer', 'Rome']",â€œ3/4â€,â€œ4/4â€,no,"# [â€˜rondiniâ€™, â€˜garageâ€™, â€˜summerâ€™, â€˜Romeâ€™]"
